http://www.channelnewsasia.com/news/world/trump-sworn-in-as-us-president/3454632.html,20 Jan 2017
http://www.channelnewsasia.com/news/world/full-text-of-donald-trump-s-inaugural-address/3455654.html,20 Jan 2017
http://www.channelnewsasia.com/news/asiapacific/daughter-of-south-korean-leader-s-friend-arrested-in-denmark-ami/3407550.html,1 Jan 2017
http://www.channelnewsasia.com/news/asiapacific/us-woman-alleges-gang-rape-in-indian-capital/3341034.html,4 Dec 2016
http://www.channelnewsasia.com/news/singapore/woman-jailed-10-years-for-sexually-assaulting-girl-with-sex-toy/3193590.html,9 Oct 2016
http://www.channelnewsasia.com/news/singapore/two-remittance-firms-foil-phone-scams/3095000.html,2 Sep 2016
http://www.channelnewsasia.com/news/singapore/benjamin-lim-case-coroner/3051546.html,18 Aug 2016
http://www.channelnewsasia.com/news/singapore/maid-pleads-guilty-to/2916732.html,29 Jun 2016
http://www.channelnewsasia.com/news/world/british-lawmaker-killed/2878682.html,16 Jun 2016
http://www.channelnewsasia.com/news/singapore/scams-exploiting-infocomm/2872234.html,14 Jun 2016
http://www.channelnewsasia.com/news/singapore/elderly-singapore-woman/2858124.html,9 Jun 2016
http://www.channelnewsasia.com/news/singapore/indonesian-maid-jailed-18/2833164.html,31 May 2016
http://www.channelnewsasia.com/news/entertainment/kendrick-lamar-shines-at/2518938.html,15 Feb 2016
http://www.channelnewsasia.com/news/singapore/from-the-stacks-new/2471488.html,29 Jan 2016
http://www.channelnewsasia.com/news/singapore/online-scams-singaporeans/2415106.html,11 Jan 2016
http://www.channelnewsasia.com/news/singapore/making-singapore-a-better/2341718.html,12 Dec 2015
http://www.channelnewsasia.com/news/singapore/former-teacher-admits-to/2331994.html,9 Dec 2015
http://www.channelnewsasia.com/news/singapore/woman-pleads-guilty-to/2325644.html,7 Dec 2015
http://www.channelnewsasia.com/news/asiapacific/it-s-normal-to-be-hiv/2308770.html,30 Nov 2015
http://www.channelnewsasia.com/news/singapore/the-govt-should-start/2199122.html,16 Oct 2015
http://www.channelnewsasia.com/news/singapore/woman-s-hand-severed/2180466.html,9 Oct 2015
http://www.channelnewsasia.com/news/singapore/man-found-dead-in-bukit/2087592.html,30 Aug 2015
http://www.channelnewsasia.com/news/singapore/woman-gets-54-months-jail/2063328.html,20 Aug 2015
http://www.channelnewsasia.com/news/singapore/headless-body-murder-an/2013196.html,28 Jul 2015
http://www.channelnewsasia.com/news/singapore/13-years-jail-for-maid/2010266.html,27 Jul 2015
http://www.channelnewsasia.com/news/singapore/woman-filmed-hitting/2005294.html,24 Jul 2015
http://www.channelnewsasia.com/news/singapore/mcdonald-s-staff/1922122.html,17 Jun 2015
http://www.channelnewsasia.com/news/singapore/another-person-falls-to/1889592.html,2 Jun 2015
