http://www.todayonline.com/tech/nokias-3310-unlikely-go-sale-here-despite-online-buzz,TODAYonline - 1 day ago
http://www.todayonline.com/world/treason-charges-against-russian-cyber-experts-linked-seven-year-old-accusations,TODAYonline - 1 day ago
http://www.todayonline.com/world/uk-crime-agency-arrests-suspect-deutsche-telekom-cyber-attack,TODAYonline - 5 days ago
http://www.todayonline.com/world/asia/australia-malaysia-singapore-love-scam-alert,13 Feb 2017
http://www.todayonline.com/world/bangladesh-says-stopping-rohingya-militants-allowing-helpless-refugees,9 Feb 2017
http://www.todayonline.com/world/asia/more-widowed-japanese-severing-ties-aged-laws,20 Jan 2017
http://www.todayonline.com/commentary/trump-xi-and-shape-us-china-relations-come-george-yeo,18 Jan 2017
http://www.todayonline.com/singapore/todays-morning-briefing-wednesday-jan-4,3 Jan 2017
http://www.todayonline.com/singapore/protecting-elderly-cyber-attacks,3 Jan 2017
http://www.todayonline.com/singapore/first-bus-interchange-inclusive-features-opens-tampines,18 Dec 2016
http://www.todayonline.com/singapore/sensor-technology-piloted-help-keep-eye-elderly,27 Nov 2016
http://www.todayonline.com/singapore/no-service-6-circle-line-stations-disruption-caused-signal-fault-widens,2 Nov 2016
http://www.todayonline.com/singapore/elderly-dont-mind-assisted-living-facilities-survey,30 Oct 2016
http://m.todayonline.com/tech/crisis-ericsson-deepens-profits-plunge-94,12 Oct 2016
http://www.todayonline.com/singapore/chan-chun-sing-urges-youth-go-beyond-relying-good-grades-jobs,23 Sep 2016
http://www.todayonline.com/world/asia/disabled-victims-mass-killing-japan-kept-shadows,8 Sep 2016
http://www.todayonline.com/singapore/brazen-case-sheng-siong-kidnapping-goes-trial,29 Aug 2016
http://www.todayonline.com/commentary/internet-or-splinternet,22 Aug 2016
http://m.todayonline.com/world/asia/thai-bomb-attacks-search-culprits,12 Aug 2016
http://www.todayonline.com/singapore/man-charged-phyiscal-abuse-myanmar-maid-her-death,11 Aug 2016
http://m.todayonline.com/world/why-was-japan-killer-set-free-murder-disabled-people,27 Jul 2016
http://www.todayonline.com/singapore/laws-tackle-cybercrime,20 Jul 2016
http://www.todayonline.com/singapore/fake-govt-websites-online-sex-scams-spore-sees-rising-cybercrime,20 Jul 2016
http://www.todayonline.com/singapore/more-help-needed-elderly-caregivers-kin-disabilities-say-vwos,6 Jul 2016
http://www.todayonline.com/commentary/aseans-centrality-faces-growing-threat,20 Jun 2016
http://www.todayonline.com/singapore/threat-cyber-attacks-requires-drastic-action-ida-official-says,9 Jun 2016
http://www.todayonline.com/world/australia/three-die-others-missing-fierce-australia-storms,5 Jun 2016
http://www.todayonline.com/world/asia/south-korea-uses-technology-help-pregnant-women-get-seats,2 Jun 2016
http://www.todayonline.com/singapore/88000-households-have-applied-hdbs-elder-friendly-home-improvement-programme,22 May 2016
http://www.todayonline.com/commentary/mas-project-cybersecurity-timely-move,17 May 2016
http://www.todayonline.com/singapore/mas-ntu-help-firms-combat-threat-cyberattacks,16 May 2016
http://m.todayonline.com/business/panama-says-raids-offices-mossack-fonseca-law-firm,12 Apr 2016
http://www.todayonline.com/world/how-pope-francis-amoris-laetitia-could-affect-families-and-church,8 Apr 2016
http://www.todayonline.com/world/japans-retirees-turn-crime-better-life-prison,28 Mar 2016
http://m.todayonline.com/world/dutch-far-right-leader-geert-wilders-trial-discrimination,17 Mar 2016
http://www.todayonline.com/singapore/fire-breaks-out-jurong-west-coffee-shop,5 Mar 2016
http://www.todayonline.com/world/fiji-declares-state-natural-disaster-wake-cat-5-cyclone,20 Feb 2016
http://www.todayonline.com/singapore/community-action-installation-cameras-help-improve-numbers-certain-crimes,12 Feb 2016
http://www.todayonline.com/singapore/74000-households-benefit-hdbs-elder-friendly-home-improvement-programme,23 Dec 2015
http://m.todayonline.com/world/cuba-releases-artist-who-was-considered-prisoner-conscience,20 Oct 2015
http://www.todayonline.com/singapore/new-centre-provide-specialised-dental-care,21 Sep 2015
http://m.todayonline.com/world/indonesia-court-rejects-sex-abuse-lawsuit-against-international-school,10 Aug 2015
http://www.todayonline.com/world/americas/charleston-church-victims-families-forgive-suspect-court,19 Jun 2015
http://www.todayonline.com/world/chinese-passenger-ship-458-aboard-sinks-yangtze-river-xinhua,2 Jun 2015
http://www.todayonline.com/daily-focus/health/falls-arent-just-part-ageing-process,28 Apr 2015
http://www.todayonline.com/world/russia-crisis-deepens-slide-living-standards-pensioners,27 Jan 2015
http://www.todayonline.com/singapore/chas-benefits-12-million-singaporeans,11 Jan 2015
http://www.todayonline.com/singapore/singapore-govt-contribute-s100000-malaysia-flood-relief-efforts,29 Dec 2014
http://m.todayonline.com/tech/samsung-keeps-mobile-chief-despite-profit-plunge,30 Nov 2014
http://www.todayonline.com/singapore/employees-singapore-are-under-happy-workplace-happiness-survey,10 Nov 2014
http://www.todayonline.com/singapore/sharp-rise-people-falling-online-scams,13 Aug 2014
http://m.todayonline.com/world/colombias-santos-re-elected-tells-rebels-its-time-peace,16 Jun 2014
http://m.todayonline.com/world/europe/ukraine-peace-deal-falters-rebels-show-no-sign-surrender,21 Apr 2014
http://www.todayonline.com/singapore/more-videos-explain-pioneer-generation-package-vernacular-languages,4 Apr 2014
http://www.todayonline.com/singapore/new-ren-ci-home-bukit-batok-will-share-spaces-public,3 Apr 2014
http://www.todayonline.com/singapore/anti-harassment-laws-fight-social-scourge,13 Mar 2014
http://www.todayonline.com/tech/tech-reviews/xiaomis-redmi-great-budget-smartphone,20 Feb 2014
http://www.todayonline.com/singapore/almost-500000-commuters-benefit-enhanced-bus-train-concessions,16 Jan 2014
