http://www.todayonline.com/world/treason-charges-against-russian-cyber-experts-linked-seven-year-old-accusations,TODAYonline - 1 day ago
http://www.todayonline.com/world/uk-crime-agency-arrests-suspect-deutsche-telekom-cyber-attack,TODAYonline - 5 days ago
http://www.todayonline.com/chinaindia/china/17-feared-dead-taiwan-bus-crash-fire-department,13 Feb 2017
http://www.todayonline.com/world/asia/australia-malaysia-singapore-love-scam-alert,13 Feb 2017
http://www.todayonline.com/commentary/can-singapore-companies-be-globally-competitive,8 Feb 2017
http://www.todayonline.com/world/asia/more-widowed-japanese-severing-ties-aged-laws,20 Jan 2017
http://www.todayonline.com/commentary/trump-xi-and-shape-us-china-relations-come-george-yeo,18 Jan 2017
http://www.todayonline.com/singapore/re-employment-age-be-raised-67-0,9 Jan 2017
http://www.todayonline.com/world/venezuelas-opposition-government-resume-hostilities-2017,5 Jan 2017
http://www.todayonline.com/singapore/protecting-elderly-cyber-attacks,3 Jan 2017
http://www.todayonline.com/world/aleppo-christians-celebrate-holiday-hope-peace-has-returned,25 Dec 2016
http://www.todayonline.com/commentary/my-christmas-tree-lights-and-success-globalisation,22 Dec 2016
http://www.todayonline.com/singapore/how-technology-redefines-role-government,29 Nov 2016
http://www.todayonline.com/singapore/big-read-beyond-jobs-boost-healthcare-sector-needs-new-model-care-say-experts,25 Nov 2016
http://www.todayonline.com/singapore/helpline-launched-tackle-increase-scams,20 Nov 2016
http://www.todayonline.com/singapore/not-enough-focus-soft-skills-spore-workforce-study,31 Oct 2016
http://www.todayonline.com/world/asia/jb-hospital-patients-evacuated-again-after-smoke-scare,26 Oct 2016
http://www.todayonline.com/singapore/flexible-town-facilities-one-way-meeting-residents-evolving-needs,23 Oct 2016
http://www.todayonline.com/commentary/singapore-second-mover-advantage,2 Oct 2016
http://www.todayonline.com/singapore/chan-chun-sing-urges-youth-go-beyond-relying-good-grades-jobs,23 Sep 2016
http://www.todayonline.com/world/curfew-protests-mar-muslim-holy-day-families-indian-kashmir,13 Sep 2016
http://www.todayonline.com/commentary/china-us-must-take-lead-cooperate-space,8 Sep 2016
http://www.todayonline.com/commentary/avoid-over-reliance-tests-and-exams,16 Aug 2016
http://www.todayonline.com/world/star-rises-poverty-killed-defying-pakistan-norms,8 Aug 2016
http://www.todayonline.com/business/management/female-ceos-are-fascinating-marissa-mayer-knows,1 Aug 2016
http://www.todayonline.com/world/myanmars-traffic-officials-seek-battle-alarming-rise-road-deaths,29 Jul 2016
http://www.todayonline.com/singapore/laws-tackle-cybercrime,20 Jul 2016
http://www.todayonline.com/singapore/fake-govt-websites-online-sex-scams-spore-sees-rising-cybercrime,20 Jul 2016
http://www.todayonline.com/commentary/hague-ruling-us-china-collision-course,18 Jul 2016
http://www.todayonline.com/world/asia/velvet-bean-supplements-spotlight-after-thai-womans-death,15 Jul 2016
http://www.todayonline.com/commentary/wolf-pack-terrorism-inspired-made-bangladesh,6 Jul 2016
http://www.todayonline.com/lifestyle/family/delivering-kid-sized-fun,24 Jun 2016
http://www.todayonline.com/singapore/threat-cyber-attacks-requires-drastic-action-ida-official-says,9 Jun 2016
http://www.todayonline.com/world/asia/south-korea-uses-technology-help-pregnant-women-get-seats,2 Jun 2016
http://www.todayonline.com/singapore/bidding-sle-licence-plate-series-begin-may-27-lta,16 May 2016
http://www.todayonline.com/singapore/mas-ntu-help-firms-combat-threat-cyberattacks,16 May 2016
http://www.todayonline.com/commentary/cooperation-not-confrontation-needed-tackle-haze,25 Apr 2016
http://www.todayonline.com/world/cuba-awaits-decision-communist-party-younger-leadership,19 Apr 2016
http://www.todayonline.com/entertainment/celebrity/dinklage-and-dragons-will-tyrion-win-game-thrones,9 Apr 2016
http://www.todayonline.com/business/online-grocery-race,13 Mar 2016
http://www.todayonline.com/commentary/power-humility,6 Mar 2016
http://www.todayonline.com/commentary/trumps-campaign-explained-one-sentence,29 Feb 2016
http://www.todayonline.com/lifestyle/style/new-fashion-icons-age-isnt-just-number,4 Feb 2016
http://www.todayonline.com/singapore/calvin-chengs-killing-children-remarks-insensitive-and-inappropriate-mlc-chairman,27 Nov 2015
http://www.todayonline.com/tech/more-older-people-going-online-smartphones-ida-survey,26 Nov 2015
http://www.todayonline.com/commentary/how-indias-diaspora-influences-nations-politics,19 Nov 2015
http://www.todayonline.com/commentary/realities-social-medias-impact-ge2015,18 Nov 2015
http://www.todayonline.com/world/after-russian-strikes-syrias-newly-displaced-scramble-shelter,29 Oct 2015
http://www.todayonline.com/commentary/how-spore-can-stay-ahead-financial-hub,11 Oct 2015
http://www.todayonline.com/singapore/woman-who-cheated-company-clear-debts-faces-fine-7-years-jail,22 Sep 2015
http://www.todayonline.com/singapore/skillsfuture-initiative-gets-big-thumbs,14 Aug 2015
http://www.todayonline.com/singapore/using-data-empower-disadvantaged,8 Aug 2015
http://www.todayonline.com/singapore/mobile-operators-cease-2g-service-april-2017,15 Jun 2015
http://www.todayonline.com/singapore/spores-racial-integration-key-its-success-obama,2 Jun 2015
http://www.todayonline.com/singapore/first-batch-bto-smart-homes-go-sale,25 May 2015
http://m.todayonline.com/smart-living-everyone,21 Apr 2015
http://www.todayonline.com/commentary/do-not-let-past-misdemeanours-haunt-youths-internet-age,4 Mar 2015
http://www.todayonline.com/singapore/help-households-gst-income-tax-maid-levies,23 Feb 2015
http://www.todayonline.com/singapore/smartphone-penetration-singapore-highest-globally-survey,11 Feb 2015
http://www.todayonline.com/singapore/helping-seniors-utilise-technology,26 Jan 2015
http://www.todayonline.com/singapore/chas-benefits-12-million-singaporeans,11 Jan 2015
http://www.todayonline.com/commentary/train-students-think-fast-rather-merely-learn-facts,4 Jan 2015
http://www.todayonline.com/entertainment/television/rant-118-goes-viral,12 Nov 2014
http://www.todayonline.com/singapore/pm-lee-speaks-nuss-60th-anniversary-lecture,3 Oct 2014
http://www.todayonline.com/singapore/care-share-groupsset-receive-first-batch-govt-grants,1 Oct 2014
http://www.todayonline.com/commentary/developing-heartware-smart-nation,27 Aug 2014
http://www.todayonline.com/singapore/sharp-rise-people-falling-online-scams,13 Aug 2014
http://m.todayonline.com/world/europe/ukraine-peace-deal-falters-rebels-show-no-sign-surrender,21 Apr 2014
http://www.todayonline.com/singapore/elderly-woman-found-dead-bungalow-pool-maid-arrested,19 Mar 2014
http://www.todayonline.com/commentary/right-time-step-towards-self-service-society,17 Mar 2014
http://www.todayonline.com/singapore/anti-harassment-laws-fight-social-scourge,13 Mar 2014
http://www.todayonline.com/singapore/fall-2013-traffic-accidents-injuries-deaths-traffic-police,9 Feb 2014
http://www.todayonline.com/tech/singapore-among-most-active-social-media-report,12 Jan 2014
