http://www.channelnewsasia.com/news/asiapacific/stateless-rohingya-refugees-sucked-into-booming-bangladesh-drug/3554974.html,Channel NewsAsia - 14 hours ago
http://www.channelnewsasia.com/news/asiapacific/philippine-police-say-ready-to-return-to-war-on-drugs-as-dealers/3552976.html,Channel NewsAsia - 1 day ago
http://www.channelnewsasia.com/news/world/mexico-bristles-at-hostile-trump-deportation-rules-before-us-t/3542076.html,Channel NewsAsia - 5 days ago
http://www.channelnewsasia.com/news/asiapacific/retired-philippine-policeman-says-duterte-ordered-death-squad/3534622.html,20 Feb 2017
http://www.channelnewsasia.com/news/world/wilders-at-dutch-campaign-launch-vows-to-crack-down-on-moroccan/3530304.html,18 Feb 2017
http://www.channelnewsasia.com/news/world/swedish-court-upholds-life-sentence-in-rwanda-genocide-case/3522562.html,15 Feb 2017
http://www.channelnewsasia.com/news/asiapacific/ex-army-officer-ordered-myanmar-lawyer-s-murder-presidency/3522206.html,15 Feb 2017
http://www.channelnewsasia.com/news/asiapacific/duterte-targets-philippine-children-in-bid-to-widen-drug-war/3519196.html,14 Feb 2017
http://www.channelnewsasia.com/news/asiapacific/gambia-announces-plans-to-stay-in-international-criminal-court/3516880.html,13 Feb 2017
http://www.channelnewsasia.com/news/world/peru-president-s-approval-rating-slips-to-38-pct-amid-graft-prob/3513610.html,12 Feb 2017
http://www.channelnewsasia.com/news/entertainment/gere-faults-trump-for-blurring-meaning-of-refugee-and-terrori/3510058.html,10 Feb 2017
http://www.channelnewsasia.com/news/world/british-paedophile-jailed-for-raping-abusing-thai-boys/3503966.html,8 Feb 2017
http://www.channelnewsasia.com/news/world/swedish-cop-s-car-blown-up-as-violence-rises-against-police/3497396.html,6 Feb 2017
http://www.channelnewsasia.com/news/world/challenges-to-trump-s-immigration-orders-spread-to-more-us-state/3482028.html,31 Jan 2017
http://www.channelnewsasia.com/news/asiapacific/rights-group-thinktank-urge-myanmar-to-unravel-truth-of-lawyer/3477570.html,29 Jan 2017
http://www.channelnewsasia.com/news/asiapacific/philippines-to-disband-police-anti-drugs-units-but-war-goes-on/3477484.html,29 Jan 2017
http://www.channelnewsasia.com/news/entertainment/british-actor-john-hurt-star-of-the-elephant-man-dies-aged-7/3474000.html,27 Jan 2017
http://www.channelnewsasia.com/news/world/trump-moves-ahead-with-wall-puts-stamp-on-us-immigration-secur/3466742.html,25 Jan 2017
http://www.channelnewsasia.com/news/world/trump-sworn-in-as-us-president/3454632.html,20 Jan 2017
http://www.channelnewsasia.com/news/world/trump-backers-disparate-hopes-coalesce-around-promise-of-change/3455650.html,20 Jan 2017
http://www.channelnewsasia.com/news/world/trump-unleashes-attack-on-us-civil-rights-icon/3439094.html,14 Jan 2017
http://www.channelnewsasia.com/news/business/us-charges-volkswagen-executive-with-fraud-over-emissions-scanda/3425486.html,9 Jan 2017
http://www.channelnewsasia.com/news/asiapacific/commentary-how-philippines-incomplete-people-power-revolution/3384570.html,21 Dec 2016
http://www.channelnewsasia.com/news/asiapacific/philippines-defends-duterte-killings-as-un-seeks-probe/3384426.html,21 Dec 2016
http://www.channelnewsasia.com/news/world/berlin-police-assume-truck-was-deliberately-driven-into/3381636.html,20 Dec 2016
http://www.channelnewsasia.com/news/asiapacific/thai-pm-defends-cyber-controls-as-censorship-concerns-rise/3370128.html,15 Dec 2016
http://www.channelnewsasia.com/news/asiapacific/philippines-duterte-says-he-personally-killed-people/3366436.html,14 Dec 2016
http://www.channelnewsasia.com/news/world/france-s-le-pen-pledges-no-schooling-for-illegal-migrants/3352452.html,8 Dec 2016
http://www.channelnewsasia.com/news/asiapacific/duterte-s-office-responds-to-questions-on-reuters-investigation/3345712.html,5 Dec 2016
http://www.channelnewsasia.com/news/world/trump-looks-to-obamacare-critic-to-overhaul-healthcare/3326208.html,28 Nov 2016
http://www.channelnewsasia.com/news/world/cuban-revolutionary-leader-fidel-castro-dies-aged-90/3320206.html,25 Nov 2016
http://www.channelnewsasia.com/news/world/revolutionary-cuban-icon-fidel-castro-dies-at-age-90/3320190.html,25 Nov 2016
http://www.channelnewsasia.com/news/world/exiled-politician-tells-his-pakistan-party-he-is-still-boss/3319146.html,25 Nov 2016
http://www.channelnewsasia.com/news/world/slovak-prime-minister-tells-journalists-they-are-dirty-prostitu/3313238.html,23 Nov 2016
http://www.channelnewsasia.com/news/world/pope-gives-priests-permanent-right-to-pardon-abortion/3307118.html,21 Nov 2016
http://www.channelnewsasia.com/news/asiapacific/philippine-leader-duterte-threatens-tough-measures-to-boost-drug/3284070.html,12 Nov 2016
http://www.channelnewsasia.com/news/asiapacific/former-kuala-lumpur-police-chief-henry-chin-dies/3228920.html,23 Oct 2016
http://www.channelnewsasia.com/news/asiapacific/castration-law-will-wipe-out-sexual-crimes-jokowi/3217644.html,18 Oct 2016
http://www.channelnewsasia.com/news/singapore/singapore-s-cybersecurity-skills-shortage-why-it-matters/3203182.html,14 Oct 2016
http://www.channelnewsasia.com/news/world/syria-army-advances-as-un-decries-aleppo-s-living-hell/3174818.html,2 Oct 2016
http://www.channelnewsasia.com/news/asiapacific/philippines-duterte-pivots-to-china-russia-as-investors-flee/3157336.html,26 Sep 2016
http://www.channelnewsasia.com/news/asiapacific/indonesia-arrests-notorious-people-smuggler/3150976.html,23 Sep 2016
http://www.channelnewsasia.com/news/asiapacific/duterte-s-foe-ousted-from-probe-into-philippine-killings/3139868.html,19 Sep 2016
http://www.channelnewsasia.com/news/asiapacific/ex-hostage-tells-of-terror-as-friends-beheaded-in-philippines/3138532.html,19 Sep 2016
http://www.channelnewsasia.com/news/singapore/singaporean-wife-of-missing-laos-man-time-can-never-heal-a-wound/3129510.html,16 Sep 2016
http://www.channelnewsasia.com/news/singapore/singapore-banks-report-indonesians-participating-in-tax-amnesty/3129554.html,15 Sep 2016
http://www.channelnewsasia.com/news/asiapacific/security-to-top-agenda-as-malaysian-pm-visits-thailand/3114102.html,9 Sep 2016
http://www.channelnewsasia.com/news/asiapacific/philippines-duterte-vows-to-eat-militants/3105138.html,6 Sep 2016
http://www.channelnewsasia.com/news/singapore/behind-closed-doors-rape/2958110.html,20 Aug 2016
http://www.channelnewsasia.com/news/singapore/success-is-independent-of/3036556.html,16 Aug 2016
http://www.channelnewsasia.com/news/asiapacific/briton-formally-arrested/3040414.html,13 Aug 2016
http://www.channelnewsasia.com/news/asiapacific/philippine-leader-not/3037718.html,12 Aug 2016
http://www.channelnewsasia.com/news/sport/olympics-rio-mayor/2992648.html,27 Jul 2016
http://www.channelnewsasia.com/news/asiapacific/malaysia-takes-good/2975506.html,21 Jul 2016
http://www.channelnewsasia.com/news/asiapacific/for-india-s-stolen/2951214.html,14 Jul 2016
http://www.channelnewsasia.com/news/asiapacific/philippines-hails-deadly/2957520.html,14 Jul 2016
http://www.channelnewsasia.com/news/asiapacific/duterte-crime-war-out-of/2941446.html,8 Jul 2016
http://www.channelnewsasia.com/news/sport/no-stone-left-unturned-as/2929198.html,4 Jul 2016
http://www.channelnewsasia.com/news/asiapacific/philippine-police-kill-10/2925508.html,2 Jul 2016
http://www.channelnewsasia.com/news/asiapacific/mahathir-does-not/2925452.html,2 Jul 2016
http://www.channelnewsasia.com/news/asiapacific/indonesia-s-parliament/2911534.html,28 Jun 2016
http://www.channelnewsasia.com/news/singapore/brock-turner-sentence/2898228.html,23 Jun 2016
http://www.channelnewsasia.com/news/asiapacific/life-in-malaysia-s/2858872.html,9 Jun 2016
http://www.channelnewsasia.com/news/asiapacific/philippines-duterte-vents/2842354.html,3 Jun 2016
http://www.channelnewsasia.com/news/singapore/singapore-signs-anti/2781876.html,12 May 2016
http://www.channelnewsasia.com/news/asiapacific/mass-philippines/2762856.html,6 May 2016
http://www.channelnewsasia.com/news/asiapacific/hanoi-illegal-floating/2742578.html,5 May 2016
http://www.channelnewsasia.com/news/asiapacific/philippines-aquino-warns/2740582.html,28 Apr 2016
http://www.channelnewsasia.com/news/world/people-not-tech-key-to/2691284.html,13 Apr 2016
http://www.channelnewsasia.com/news/asiapacific/un-calls-for-north-korea/2600218.html,14 Mar 2016
http://www.channelnewsasia.com/news/asiapacific/australian-journalists/2597756.html,13 Mar 2016
http://www.channelnewsasia.com/news/asiapacific/we-are-seeing-rise-of-a/2554516.html,27 Feb 2016
http://www.channelnewsasia.com/news/world/french-justice-minister/2462858.html,27 Jan 2016
http://www.channelnewsasia.com/news/world/france-india-to/2457420.html,25 Jan 2016
http://www.channelnewsasia.com/news/singapore/online-scams-singaporeans/2415106.html,11 Jan 2016
http://www.channelnewsasia.com/news/asiapacific/south-korean-officials/2384046.html,29 Dec 2015
http://www.channelnewsasia.com/news/singapore/making-singapore-a-better/2341718.html,12 Dec 2015
http://www.channelnewsasia.com/news/singapore/msf-to-seek-public/2255522.html,12 Nov 2015
http://www.channelnewsasia.com/news/singapore/new-entrants-turn-the/2214680.html,24 Oct 2015
http://www.channelnewsasia.com/news/singapore/the-govt-should-start/2199122.html,16 Oct 2015
http://www.channelnewsasia.com/news/asiapacific/jailed-malaysian/2134508.html,17 Sep 2015
http://www.channelnewsasia.com/news/world/egypt-government-quits-in/2122898.html,12 Sep 2015
http://www.channelnewsasia.com/news/world/new-orleans-mourns-dead/2086164.html,29 Aug 2015
http://www.channelnewsasia.com/news/singapore/asean-must-take-unified/2071546.html,24 Aug 2015
http://www.channelnewsasia.com/news/singapore/desmond-choo-cheng-li-hui/2067314.html,21 Aug 2015
http://www.channelnewsasia.com/news/world/insight-the-quest-for/1985716.html,15 Jul 2015
http://www.channelnewsasia.com/news/asiapacific/australian-newspaper/1985420.html,15 Jul 2015
http://www.channelnewsasia.com/news/asiapacific/corruption-allegations/1983892.html,14 Jul 2015
http://www.channelnewsasia.com/news/singapore/vehicles-on-watch-scheme/1977822.html,11 Jul 2015
http://www.channelnewsasia.com/news/singapore/i-can-t-wait-for-malays/1939820.html,25 Jun 2015
http://www.channelnewsasia.com/news/singapore/are-singaporeans-anti/1777708.html,10 Apr 2015
http://www.channelnewsasia.com/news/saf-officer-accused-of/641384.html,17 Apr 2013
