http://www.channelnewsasia.com/news/world/in-india-regional-rival-takes-on-modi-at-his-own-game/3551044.html,Channel NewsAsia - 2 days ago
http://www.channelnewsasia.com/news/asiapacific/out-of-the-shadows-manila-s-meth-dealers-back-on-the-streets-as/3549088.html,Channel NewsAsia - 3 days ago
http://www.channelnewsasia.com/news/world/funeral-held-for-quebec-city-mosque-shooting-victims/3488516.html,2 Feb 2017
http://www.channelnewsasia.com/news/asiapacific/no-country-for-old-men-japan-s-elderly-inmates-prefer-jail/3439488.html,14 Jan 2017
http://www.channelnewsasia.com/news/asiapacific/critics-concerned-over-privacy-as-thailand-pushes-to-tighten/3317136.html,24 Nov 2016
http://www.channelnewsasia.com/news/singapore/man-on-trial-for-sexually-assaulting-daughter-for-2-years/3289658.html,14 Nov 2016
http://www.channelnewsasia.com/news/asiapacific/philippines-duterte-dares-cia-to-oust-him/3188492.html,7 Oct 2016
http://www.channelnewsasia.com/news/asiapacific/uk-paedophile-took/2842870.html,3 Jun 2016
http://www.channelnewsasia.com/news/singapore/tech-replaces-men-in-blue/2599038.html,13 Mar 2016
http://www.channelnewsasia.com/news/singapore/man-who-harvested-293/2455386.html,24 Jan 2016
http://www.channelnewsasia.com/news/singapore/online-scams-singaporeans/2415106.html,11 Jan 2016
http://www.channelnewsasia.com/news/asiapacific/thai-faces-jail-for/2349122.html,15 Dec 2015
http://www.channelnewsasia.com/news/singapore/home-team-needs-to-look/2029542.html,5 Aug 2015
http://www.channelnewsasia.com/news/singapore/internet-was-not-designed/2027808.html,4 Aug 2015
