http://www.straitstimes.com/singapore/why-do-some-people-make-fun-of-yishun,15 Feb 2017
http://www.straitstimes.com/singapore/courts-crime/rise-in-online-scams-new-drug-abusers,8 Feb 2017
http://www.straitstimes.com/singapore/crime-in-singapore-remained-low-but-scams-still-a-significant-concern-in-2016-mha,7 Feb 2017
http://www.straitstimes.com/singapore/charity-transforms-office-into-daytime-hang-out,4 Feb 2017
http://www.straitstimes.com/singapore/where-the-displaced-seek-refuge,4 Feb 2017
http://www.straitstimes.com/singapore/campaign-to-ready-public-servants-for-internet-separation,10 Jan 2017
http://www.straitstimes.com/singapore/adorable-cats-in-singapore-that-have-become-internet-sensations,9 Jan 2017
http://www.straitstimes.com/singapore/pm-lees-facebook-photo-prompts-appreciation-for-foreign-workers,4 Jan 2017
http://www.straitstimes.com/singapore/aspiring-teacher-became-a-doc-because-of-bullies,3 Dec 2016
http://www.straitstimes.com/singapore/courts-crime/new-helpline-to-fight-rapidly-evolving-scams,20 Nov 2016
http://www.straitstimes.com/singapore/kindness-on-three-wheels,16 Nov 2016
http://www.straitstimes.com/singapore/elderly-chinese-man-helped-by-hindu-devotees-dies,26 Oct 2016
http://www.straitstimes.com/singapore/sporean-loses-270k-in-bogus-china-cops-scam,24 Oct 2016
http://www.straitstimes.com/singapore/public-to-get-sms-alerts-if-a-major-emergency-happens,15 Oct 2016
http://www.straitstimes.com/singapore/pap-seniors-group-launches-healthy-recipe-collection,14 Oct 2016
http://www.straitstimes.com/singapore/study-flags-financial-exploitation-of-elderly,2 Oct 2016
http://www.straitstimes.com/asia/east-asia/china-fights-internet-telecoms-scams,23 Sep 2016
http://www.straitstimes.com/singapore/group-helping-foreign-workers-to-get-3g-phones,22 Sep 2016
http://www.straitstimes.com/singapore/health/more-people-seeking-help-for-sexual-dysfunction,19 Sep 2016
http://www.straitstimes.com/singapore/no-haze-expected-today-shift-in-winds-will-blow-it-away,29 Aug 2016
http://www.straitstimes.com/singapore/alert-bank-staff-foil-200000-love-scam,8 Aug 2016
http://www.straitstimes.com/singapore/courts-crime/maybank-staff-foil-200000-scam-attempt-on-72-year-old-woman,7 Aug 2016
http://www.straitstimes.com/asia/japans-frustrated-youth-a-ticking-crime-bomb,31 Jul 2016
http://www.straitstimes.com/singapore/manpower/the-future-need-not-be-scary-for-workers,30 Jul 2016
http://www.straitstimes.com/singapore/courts-crime/scams-on-the-rise-in-singapore-what-are-some-of-them,26 Jul 2016
http://www.straitstimes.com/singapore/courts-crime/staying-ahead-of-cyber-crooks,22 Jul 2016
http://www.straitstimes.com/singapore/courts-crime/man-23-charged-over-dhl-parcel-scam,20 Jul 2016
http://www.straitstimes.com/singapore/courts-crime/more-punch-in-cybercrime-fight,20 Jul 2016
http://www.straitstimes.com/singapore/courts-crime/new-national-action-plan-to-unite-singapores-efforts-against-cybercrime,20 Jul 2016
http://www.straitstimes.com/singapore/courts-crime/fourth-suspect-charged-for-involvement-in-dhl-parcel-scam,20 Jul 2016
http://www.straitstimes.com/singapore/fourth-suspected-arrested-for-suspected-involvement-in-dhl-parcel-scam,19 Jul 2016
http://www.straitstimes.com/singapore/trio-suspected-of-conning-elderly-woman-of-50000-through-dhl-parcel-scam-arrested,15 Jul 2016
http://www.straitstimes.com/singapore/estate-of-reclusive-sisters-now-open-to-claims,9 Jul 2016
http://www.straitstimes.com/singapore/mosques-outreach-a-shining-example,5 Jul 2016
http://www.straitstimes.com/lifestyle/smart-but-scammed,2 Jul 2016
http://www.straitstimes.com/singapore/phone-scammers-cheat-elderly-woman-out-of-100000,26 Jun 2016
http://www.straitstimes.com/singapore/courts-crime/man-jailed-20-months-for-sexually-abusing-10-year-old-niece,21 Jun 2016
http://www.straitstimes.com/singapore/ntu-sets-up-new-lab-for-internet-of-things,16 Jun 2016
http://www.straitstimes.com/singapore/yaacob-joins-breaking-of-fast-at-mosque,10 Jun 2016
http://www.straitstimes.com/tech/and-next-a-mobile-digital-id,10 Jun 2016
http://www.straitstimes.com/singapore/more-sign-up-for-cdac-activities,5 Jun 2016
http://www.straitstimes.com/singapore/caught-on-video-woman-rants-against-deaf-and-mute-cleaner-at-jem-foodcourt,4 Jun 2016
http://www.straitstimes.com/singapore/manpower/how-to-solve-the-perennial-problem-of-seat-hogging,1 Jun 2016
http://www.straitstimes.com/singapore/the-hunt-is-on-for-2016s-silent-heroes,23 May 2016
http://www.straitstimes.com/singapore/courts-crime/guilty-as-charged-sex-predator-yap-weng-wah-preyed-on-at-least-31-young-boys,17 May 2016
http://www.straitstimes.com/singapore/singapore-china-share-ways-to-tackle-similar-changes,17 May 2016
http://www.straitstimes.com/singapore/the-art-of-making-friends,7 May 2016
http://www.straitstimes.com/singapore/manpower/7-things-about-pm-lee-hsien-loongs-may-day-rally-speech,1 May 2016
http://www.straitstimes.com/singapore/road-safety-tips-and-more-for-young-and-old,24 Apr 2016
http://www.straitstimes.com/singapore/courts-crime/victims-lose-more-than-1-million-to-china-phone-scam-police,15 Apr 2016
http://www.straitstimes.com/singapore/app-to-help-visually-handicapped-find-their-way-part-of-tech-showcase-with-a-community,13 Apr 2016
http://www.straitstimes.com/singapore/technology-has-raised-extremist-threat,11 Apr 2016
http://www.straitstimes.com/singapore/more-govt-e-services-for-sporeans-platform-to-help-firms-share-data,11 Apr 2016
http://www.straitstimes.com/singapore/manpower/the-new-pioneer-generation-freelancers,9 Apr 2016
http://www.straitstimes.com/asia/east-asia/chinas-netizens-outraged-over-attempted-kidnapping-of-woman-in-view-of-cctv-hotel,7 Apr 2016
http://www.straitstimes.com/singapore/courts-crime/more-legal-help-to-tackle-cybercrime-as-mps-express-worry-over-the-growing,6 Apr 2016
http://www.straitstimes.com/singapore/superhero-on-the-bus-checkmate-for-chess-ban,19 Mar 2016
http://www.straitstimes.com/singapore/low-reading-rate-lack-of-interest-time-cited-as-factors,18 Mar 2016
http://www.straitstimes.com/singapore/network-of-cctv-cameras-proving-effective,8 Mar 2016
http://www.straitstimes.com/singapore/using-insights-to-spur-creativity,29 Feb 2016
http://www.straitstimes.com/opinion/youth-here-lack-idealism,19 Feb 2016
http://www.straitstimes.com/singapore/health/neighbourhood-supermarkets-are-going-big-with-organic-products-to-meet-growing,14 Feb 2016
http://www.straitstimes.com/singapore/courts-crime/spike-in-online-scams-but-overall-crime-rate-still-low,12 Feb 2016
http://www.straitstimes.com/singapore/courts-crime/overall-crime-in-singapore-up-by-4-in-2015-mainly-due-to-online-commercial,11 Feb 2016
http://www.straitstimes.com/singapore/cc-testing-bins-that-send-e-mail-or-sms-when-they-are-full,7 Feb 2016
http://www.straitstimes.com/singapore/seniors-learn-to-tap-mouse-power,23 Jan 2016
http://www.straitstimes.com/politics/mcis-addendum-to-presidents-address-cyber-security-bill-to-be-introduced-nationwide-digital,21 Jan 2016
http://www.straitstimes.com/singapore/make-science-simpler-for-laymen-nobel-laureates-advise-students,20 Jan 2016
http://www.straitstimes.com/singapore/live-music-at-thaipusam-after-42-years,17 Jan 2016
http://www.straitstimes.com/singapore/be-like-bill-stand-united-in-defiance-of-jakarta-terror,16 Jan 2016
http://www.straitstimes.com/singapore/health/integrated-approach-to-ageing-in-place,14 Jan 2016
http://www.straitstimes.com/singapore/banking-on-talking-atms-to-assist-the-blind,13 Jan 2016
http://www.straitstimes.com/singapore/services-and-digital-economy,8 Jan 2016
http://www.straitstimes.com/singapore/skillsfuture-launch-from-making-bread-to-analysing-the-universe-14-interesting-courses-to,31 Dec 2015
http://www.straitstimes.com/singapore/health/elderly-people-more-likely-to-die-earlier-if-living-alone,18 Dec 2015
http://www.straitstimes.com/singapore/education/help-kids-ride-tech-waves-safely,6 Dec 2015
http://www.straitstimes.com/singapore/courts-crime/woman-threatened-elderly-father-with-knife,27 Nov 2015
http://www.straitstimes.com/singapore/courts-crime/police-nsfs-gunshot-death-a-misadventure,27 Nov 2015
http://www.straitstimes.com/singapore/more-older-people-accessing-internet-via-smartphone,26 Nov 2015
http://www.straitstimes.com/singapore/10-areas-employers-and-older-workers-need-to-look-at-on-the-panel,2 Nov 2015
http://www.straitstimes.com/singapore/what-you-see-is-not-always-what-you-believe-on-the-net,31 Oct 2015
http://www.straitstimes.com/singapore/transport/mrt-commuter-slams-man-for-refusing-to-give-up-priority-seat-man-says-he-was,30 Oct 2015
http://www.straitstimes.com/singapore/racial-religious-integration-in-singapore-an-ongoing-work-pm-lee-hsien-loong,4 Oct 2015
http://www.straitstimes.com/singapore/singapores-population-is-554-million-as-of-june-slowest-growth-in-more-than-a-decade,30 Sep 2015
http://www.straitstimes.com/singapore/ageing-well-with-help-from-the-young,28 Sep 2015
http://www.straitstimes.com/singapore/legwork-crucial-for-active-ageing-scheme-to-succeed,28 Aug 2015
http://www.straitstimes.com/singapore/proper-avenues-to-report-wrongdoing,23 Aug 2015
http://www.straitstimes.com/singapore/many-little-steps-add-up-to-big-important-picture,20 Aug 2015
http://www.straitstimes.com/singapore/an-experiment-to-learn-what-big-data-can-do-for-us,20 Aug 2015
http://www.straitstimes.com/singapore/ndp-head-turner-is-a-modern-career-woman,12 Aug 2015
http://www.straitstimes.com/singapore/ndp-showstopper-emma-lee-a-career-driven-woman-who-regards-singapore-as-home,12 Aug 2015
http://www.straitstimes.com/singapore/8-sg50-items-on-the-internet-to-make-you-nostalgic,5 Aug 2015
http://www.straitstimes.com/singapore/nee-soon-east-cc-opens-after-18-month-renovation,1 Aug 2015
http://www.straitstimes.com/singapore/a-kinder-gentler-social-media,25 Jul 2015
http://www.straitstimes.com/singapore/police-msf-probe-video-of-woman-being-abused,21 Jul 2015
http://www.straitstimes.com/singapore/education/2000-free-courses-from-cooking-to-dog-grooming-on-offer-till-september,3 Jul 2015
http://www.straitstimes.com/singapore/health/10-things-about-the-newly-opened-ng-teng-fong-hospital-in-jurong-east,30 Jun 2015
http://www.straitstimes.com/singapore/education/400-free-courses-from-literature-to-dance-this-year-for-those-aged-50-and-above,15 May 2015
http://www.straitstimes.com/opinion/getting-out-of-a-hole-after-lee-kuan-yew,24 Apr 2015
http://www.straitstimes.com/singapore/trying-times-for-smaller-older-tourist-attractions,19 Apr 2015
http://www.straitstimes.com/singapore/new-interpol-complex-almost-fully-operational,17 Mar 2015
http://www.straitstimes.com/singapore/more-shoppers-here-buy-in-store-than-online-survey,11 Mar 2015
http://www.straitstimes.com/singapore/netizens-come-to-aid-of-mocked-dancing-man-5-other-times-the-internet-beat-the-bullies,8 Mar 2015
http://www.straitstimes.com/singapore/after-tinders-new-premium-charges-other-dating-apps-for-singapores-singles,4 Mar 2015
http://www.straitstimes.com/opinion/integration-singapore-style-a-mix-of-laws-and-social-norms,6 Feb 2015
http://www.straitstimes.com/lifestyle/entertainment/zhou-xun-fills-gong-lis-shoes-in-a-remake-of-red-sorghum,4 Feb 2015
http://www.straitstimes.com/singapore/government-to-get-own-telecoms-network-in-smart-nation-push,1 Feb 2015
http://www.straitstimes.com/singapore/health/taking-medicine-illegally-sold-online-can-kill-you,29 Nov 2014
http://www.straitstimes.com/singapore/courts-crime/cash-sex-used-to-dupe-men-into-allowing-their-homes-to-be-used-for-sex-drug,25 Nov 2014
http://www.straitstimes.com/singapore/zalora-refutes-claims-that-400k-shoppers-data-was-sold-some-15m-records-allegedly-at-risk,11 Nov 2014
http://www.straitstimes.com/singapore/singapore-wins-applause-from-vietnam-for-helping-tourist-who-begged-for-refund-in-sim-li-0,8 Nov 2014
http://www.straitstimes.com/singapore/pioneer-singaporeans-get-discounts-priority-special-offers-at-ntuc-supermarkets-outlets,12 Oct 2014
http://www.straitstimes.com/singapore/courts-crime/ferrari-crash-parents-of-victim-seek-700k-from-drivers-estate,19 Sep 2014
http://www.straitstimes.com/singapore/poll-respondents-lament-lack-of-family-time,4 Sep 2014
http://www.straitstimes.com/asia/east-asia/hong-kong-couple-killed-cooked-and-packed-into-lunchboxes-by-son-and-accomplice,6 Aug 2014
http://www.straitstimes.com/singapore/sph-to-review-citizen-journalism-website-stomp,25 Apr 2014
http://www.straitstimes.com/singapore/mda-responds-to-anti-stomp-petition,16 Apr 2014
http://www.straitstimes.com/singapore/health/more-young-professionals-suffering-from-burn-out,13 Apr 2014
http://www.straitstimes.com/singapore/new-health-and-wellness-centre-for-the-elderly-opens-in-queenstown,25 Jan 2014
http://www.straitstimes.com/singapore/older-staff-baulk-at-skills-upgrading-courses,8 Dec 2013
http://www.straitstimes.com/singapore/singapores-new-law-school-may-also-offer-full-time-course,1 Dec 2013
http://www.straitstimes.com/singapore/computer-whizz-from-temasek-poly-among-80-who-receive-mci-scholarships,16 Aug 2013
http://www.straitstimes.com/singapore/idea-of-bringing-back-yan-kit-swimming-pool-floated-again,1 Jun 2013
