http://www.straitstimes.com/singapore/campaign-to-ready-public-servants-for-internet-separation,10 Jan 2017
http://www.straitstimes.com/singapore/sporean-loses-270k-in-bogus-china-cops-scam,24 Oct 2016
http://www.straitstimes.com/singapore/significant-force-caused-neck-fracture,11 Oct 2016
http://www.straitstimes.com/singapore/spore-ranked-4th-in-mental-health-index-for-asia-pacific,10 Oct 2016
http://www.straitstimes.com/singapore/first-govt-run-nursing-home-aims-to-push-boundaries,28 Sep 2016
http://www.straitstimes.com/tech/games-apps/pokemon-go-craze-in-singapore-everyones-talking-about-it-from-police-to-national,5 Aug 2016
http://www.straitstimes.com/singapore/courts-crime/scams-on-the-rise-in-singapore-what-are-some-of-them,26 Jul 2016
http://www.straitstimes.com/singapore/courts-crime/staying-ahead-of-cyber-crooks,22 Jul 2016
http://www.straitstimes.com/singapore/courts-crime/man-23-charged-over-dhl-parcel-scam,20 Jul 2016
http://www.straitstimes.com/singapore/courts-crime/more-punch-in-cybercrime-fight,20 Jul 2016
http://www.straitstimes.com/singapore/courts-crime/new-national-action-plan-to-unite-singapores-efforts-against-cybercrime,20 Jul 2016
http://www.straitstimes.com/singapore/courts-crime/fourth-suspect-charged-for-involvement-in-dhl-parcel-scam,20 Jul 2016
http://www.straitstimes.com/lifestyle/smart-but-scammed,2 Jul 2016
http://www.straitstimes.com/singapore/addicted-to-porn-at-the-age-of-10,28 Jun 2016
http://www.straitstimes.com/singapore/ntu-sets-up-new-lab-for-internet-of-things,16 Jun 2016
http://www.straitstimes.com/singapore/courts-crime/crackdown-on-credit-for-sex-scams,14 Jun 2016
http://www.straitstimes.com/tech/and-next-a-mobile-digital-id,10 Jun 2016
http://www.straitstimes.com/singapore/education/harvard-and-mit-both-want-this-poly-graduate,19 May 2016
http://www.straitstimes.com/singapore/singapore-china-share-ways-to-tackle-similar-changes,17 May 2016
http://www.straitstimes.com/singapore/health/new-toolkit-by-health-promotion-board-to-help-senior-citizens-eat-healthily,14 May 2016
http://www.straitstimes.com/singapore/education/exploring-ways-to-learn-outside-the-classroom,16 Apr 2016
http://www.straitstimes.com/singapore/courts-crime/more-legal-help-to-tackle-cybercrime-as-mps-express-worry-over-the-growing,6 Apr 2016
http://www.straitstimes.com/singapore/youth-in-singapore-shunning-religion,20 Mar 2016
http://www.straitstimes.com/singapore/courts-crime/spike-in-online-scams-but-overall-crime-rate-still-low,12 Feb 2016
http://www.straitstimes.com/singapore/courts-crime/overall-crime-in-singapore-up-by-4-in-2015-mainly-due-to-online-commercial,11 Feb 2016
http://www.straitstimes.com/politics/mcis-addendum-to-presidents-address-cyber-security-bill-to-be-introduced-nationwide-digital,21 Jan 2016
http://www.straitstimes.com/singapore/services-and-digital-economy,8 Jan 2016
http://www.straitstimes.com/business/braced-for-challenges-in-the-new-year,31 Dec 2015
http://www.straitstimes.com/singapore/courts-crime/singapore-men-target-of-latest-sex-scam,20 Dec 2015
http://www.straitstimes.com/singapore/education/help-kids-ride-tech-waves-safely,6 Dec 2015
http://www.straitstimes.com/singapore/what-you-see-is-not-always-what-you-believe-on-the-net,31 Oct 2015
http://www.straitstimes.com/singapore/i-was-unwell-says-commuter-in-seat-spat,30 Oct 2015
http://www.straitstimes.com/singapore/transport/mrt-commuter-slams-man-for-refusing-to-give-up-priority-seat-man-says-he-was,30 Oct 2015
http://www.straitstimes.com/singapore/environment/dealing-with-the-haze-lifting-the-gloom-with-acts-of-kindness-social,4 Oct 2015
http://www.straitstimes.com/singapore/proper-avenues-to-report-wrongdoing,23 Aug 2015
http://www.straitstimes.com/singapore/call-for-national-senior-volunteer-month-participants,21 Jul 2015
http://www.straitstimes.com/singapore/health/10-things-about-the-newly-opened-ng-teng-fong-hospital-in-jurong-east,30 Jun 2015
http://www.straitstimes.com/opinion/getting-out-of-a-hole-after-lee-kuan-yew,24 Apr 2015
http://www.straitstimes.com/singapore/new-interpol-complex-almost-fully-operational,17 Mar 2015
http://www.straitstimes.com/singapore/more-than-18000-raised-for-70-year-old-man-who-was-allegedly-cheated-of-400000,8 Feb 2015
http://www.straitstimes.com/singapore/government-to-get-own-telecoms-network-in-smart-nation-push,1 Feb 2015
http://www.straitstimes.com/singapore/tussle-over-40m-assets-widow-has-little-money-so-bungalow-must-go,25 Jan 2015
http://www.straitstimes.com/singapore/singapore-needs-to-be-smart-city-to-stay-ahead-pm,23 Nov 2014
