http://www.straitstimes.com/singapore/be-prepared-to-learn-new-skills-in-fast-changing-economy-or-be-left-out-halimah-yacob,The Straits Times - 3 days ago
http://www.straitstimes.com/singapore/be-patient-and-dont-be-kiasu-for-innovation-and-tech-breakthroughs,18 Feb 2017
http://www.straitstimes.com/singapore/courts-crime/singapore-pr-charged-over-info-for-sex-tour,15 Feb 2017
http://www.straitstimes.com/asia/east-asia/kim-jong-nam-the-little-general-who-fell-from-grace-0,14 Feb 2017
http://www.straitstimes.com/singapore/steps-to-ensure-error-free-tamil-use-in-govt,27 Jan 2017
http://www.straitstimes.com/singapore/co-discovered-super-material-giants-of-science,12 Jan 2017
http://www.straitstimes.com/world/future-shock-is-here-now,18 Dec 2016
http://www.straitstimes.com/singapore/aspiring-teacher-became-a-doc-because-of-bullies,3 Dec 2016
http://www.straitstimes.com/singapore/philip-yeo-story-part-of-singapore-success-story,19 Nov 2016
http://www.straitstimes.com/singapore/ica-to-start-collecting-iris-images-for-border-clearance,10 Nov 2016
http://www.straitstimes.com/lifestyle/entertainment/dad-the-natural-star,13 Oct 2016
http://www.straitstimes.com/singapore/nothing-wrong-with-nude-drawings,10 Oct 2016
http://www.straitstimes.com/singapore/sporean-returned-to-help-smart-nation-drive,7 Oct 2016
http://www.straitstimes.com/singapore/easier-now-for-seniors-to-pick-up-it-skills,10 Sep 2016
http://www.straitstimes.com/singapore/firm-stand-against-greedy-bankers,3 Sep 2016
http://www.straitstimes.com/singapore/firms-boss-sabotaged-police-security-cameras,16 Aug 2016
http://www.straitstimes.com/singapore/demonising-racist-netizens-not-fruitful-academics,5 Aug 2016
http://www.straitstimes.com/singapore/morning-minutes-what-will-make-headlines-july-14-2016,13 Jul 2016
http://www.straitstimes.com/singapore/growing-cyber-threat-makes-de-linking-govt-it-systems-necessary,11 Jul 2016
http://www.straitstimes.com/singapore/ntu-don-joins-engineering-elite,10 Jul 2016
http://www.straitstimes.com/singapore/manpower/skills-gap-between-younger-and-older-workers,28 Jun 2016
http://www.straitstimes.com/singapore/education/moe-no-penalty-for-using-singlish-appropriately,12 Jun 2016
http://www.straitstimes.com/singapore/buzz-over-delinking-govt-pcs-from-web,11 Jun 2016
http://www.straitstimes.com/singapore/pm-security-concerns-behind-move-to-delink-net-access,9 Jun 2016
http://www.straitstimes.com/singapore/admiralty-secondary-sets-sail-for-future-with-new-space,2 Jun 2016
http://www.straitstimes.com/singapore/to-be-rich-in-life-learn-to-be-generous-at-heart,28 May 2016
http://www.straitstimes.com/singapore/health/aneurysm-rupture-felt-like-a-rubber-band-breaking,23 May 2016
http://www.straitstimes.com/singapore/education/more-seniors-going-back-to-school,15 May 2016
http://www.straitstimes.com/singapore/manager-of-ngo-admits-inflating-hari-raya-expenses,4 May 2016
http://www.straitstimes.com/singapore/manpower/7-things-about-pm-lee-hsien-loongs-may-day-rally-speech,1 May 2016
http://www.straitstimes.com/singapore/greenpeace-warrior-poorer-but-happier,23 Apr 2016
http://www.straitstimes.com/singapore/education/smu-students-showcase-apps-for-volunteer-organisations-and-hawkers,22 Apr 2016
http://www.straitstimes.com/singapore/manpower/long-lines-at-iras-after-tax-e-filing-service-at-ccs-scrapped,13 Apr 2016
http://www.straitstimes.com/singapore/more-govt-e-services-for-sporeans-platform-to-help-firms-share-data,11 Apr 2016
http://www.straitstimes.com/singapore/re-employment-age-cap-up-from-july-2017,8 Apr 2016
http://www.straitstimes.com/singapore/veteran-writer-and-malay-literary-icon-dies-aged-91,23 Mar 2016
http://www.straitstimes.com/world/europe/three-brussels-attackers-identified-as-nation-mourns,23 Mar 2016
http://www.straitstimes.com/singapore/plotting-best-flight-path-for-manufacturers,10 Mar 2016
http://www.straitstimes.com/singapore/health/hearing-test-for-older-residents-at-mobile-clinics,27 Feb 2016
http://www.straitstimes.com/singapore/data-hacked-and-leaked-online-still-confidential-court,16 Feb 2016
http://www.straitstimes.com/singapore/pm-lee-hsien-loong-meets-apple-and-facebook-honchos-to-find-out-how-their-tech-can-help,13 Feb 2016
http://www.straitstimes.com/singapore/use-skillsfuture-credit-for-classes-seniors-urged,30 Jan 2016
http://www.straitstimes.com/singapore/seniors-learn-to-tap-mouse-power,23 Jan 2016
http://www.straitstimes.com/singapore/top-scientific-minds-at-the-summit,17 Jan 2016
http://www.straitstimes.com/singapore/health/games-for-seniors-are-not-just-for-fun,14 Jan 2016
http://www.straitstimes.com/singapore/education/spoilt-for-choice-for-lifelong-learning-10000-skillsfuture-courses-on-offer,3 Jan 2016
http://www.straitstimes.com/singapore/manpower/staying-ahead-in-the-fast-paced-it-sector,3 Jan 2016
http://www.straitstimes.com/singapore/5-high-points-of-science-in-history,31 Dec 2015
http://www.straitstimes.com/singapore/grit-greed-and-gratitude-10-people-who-made-the-headlines-in-singapore-in-2015,29 Dec 2015
http://www.straitstimes.com/asia/se-asia/kl-police-arrest-isis-linked-terrorist-hacker-wanted-by-us,16 Oct 2015
http://www.straitstimes.com/singapore/ageing-well-with-help-from-the-young,28 Sep 2015
http://www.straitstimes.com/opinion/mind-the-future,8 Sep 2015
http://www.straitstimes.com/singapore/legwork-crucial-for-active-ageing-scheme-to-succeed,28 Aug 2015
http://www.straitstimes.com/lifestyle/entertainment/hey-you-look-familiar,1 Aug 2015
http://www.straitstimes.com/singapore/education/ask-sandra-qa-on-volunteering-tackled,27 Jul 2015
http://www.straitstimes.com/singapore/health/hospitals-turn-to-cutting-edge-robots-and-technology-for-healthcare-assistance,23 Jul 2015
http://www.straitstimes.com/singapore/call-for-national-senior-volunteer-month-participants,21 Jul 2015
http://www.straitstimes.com/singapore/highly-trained-middle-aged-and-out-of-work,19 Jul 2015
http://www.straitstimes.com/singapore/health/smart-glasses-for-seniors-with-dementia,9 Jul 2015
http://www.straitstimes.com/singapore/education/2000-free-courses-from-cooking-to-dog-grooming-on-offer-till-september,3 Jul 2015
http://www.straitstimes.com/singapore/education/400-free-courses-from-literature-to-dance-this-year-for-those-aged-50-and-above,15 May 2015
http://www.straitstimes.com/singapore/indian-community-discuss-active-ageing-and-urge-life-long-learning-for-seniors,2 May 2015
http://www.straitstimes.com/singapore/courts-crime/former-filipino-nurse-charged-with-sedition-giving-false-info-to-police,7 Apr 2015
http://www.straitstimes.com/singapore/lee-kuan-yew-grief-gratitude-and-how-a-nation-grew-closer-together,3 Apr 2015
http://www.straitstimes.com/singapore/lee-kuan-yew-the-last-rally,3 Apr 2015
http://www.straitstimes.com/singapore/remembering-lee-kuan-yew-i-did-my-best-0,28 Mar 2015
http://www.straitstimes.com/singapore/malaysians-yearn-for-a-malay-version-of-mr-lee-kuan-yew,28 Mar 2015
http://www.straitstimes.com/singapore/remembering-lee-kuan-yew-special-cny-visit-to-uncle-harrys,23 Mar 2015
http://www.straitstimes.com/singapore/tributes-stream-in-as-singaporeans-mourn-death-of-mr-lee-kuan-yew,22 Mar 2015
http://www.straitstimes.com/singapore/student-below-16-identified-as-suspect-behind-fake-pmo-announcement-on-lee-kuan-yew,20 Mar 2015
http://www.straitstimes.com/singapore/netizens-come-to-aid-of-mocked-dancing-man-5-other-times-the-internet-beat-the-bullies,8 Mar 2015
http://www.straitstimes.com/singapore/health/singaporeans-and-prs-urged-to-check-letters-requiring-medishield-life-information,5 Feb 2015
http://www.straitstimes.com/singapore/new-cyber-security-agency-to-be-set-up-in-april-yaacob-ibrahim-to-be-minister-in-charge-of,27 Jan 2015
http://www.straitstimes.com/singapore/case-publishes-names-of-sim-lim-shops-with-the-most-complaints,4 Dec 2014
http://www.straitstimes.com/world/americas/honduras-buries-slain-miss-world-contestant-sister,20 Nov 2014
http://www.straitstimes.com/singapore/your-phone-tv-set-may-be-spying-on-you-cyber-security-expert,4 Oct 2014
http://www.straitstimes.com/singapore/health/pioneer-generation-seniors-flock-to-clinics-as-pioneer-subsidies-kick-in,1 Sep 2014
http://www.straitstimes.com/singapore/shoot-em-up-seniors-find-amusement-at-arcades,13 Apr 2014
http://www.straitstimes.com/singapore/internet-users-in-singapore-casual-about-online-safety-poll,12 Feb 2014
http://www.straitstimes.com/singapore/new-cdac-centre-opens-at-ang-mo-kio,19 Jan 2014
http://www.straitstimes.com/singapore/st-global-outlook-forum-2017-st-us-bureau-chief-jeremy-au-yong,20 Dec 2013
