http://www.channelnewsasia.com/news/world/german-driver-arrested-after-ramming-crowd-police-say-no-signs/3551828.html,Channel NewsAsia - 1 day ago
http://www.channelnewsasia.com/news/world/turkey-steps-up-scrutiny-on-muslim-migrants-from-russia/3525576.html,16 Feb 2017
http://www.channelnewsasia.com/news/technology/murders-robberies-of-drivers-in-brazil-force-uber-to-rethink-ca/3518002.html,13 Feb 2017
http://www.channelnewsasia.com/news/world/quebec-mosque-suspect-charged-with-murdering-6-people/3479428.html,30 Jan 2017
http://www.channelnewsasia.com/news/world/quebec-mosque-shooting-suspect-charged-with-murdering-six-people/3478808.html,30 Jan 2017
http://www.channelnewsasia.com/news/world/gun-was-given-back-to-florida-shooting-suspect-last-month/3421590.html,7 Jan 2017
http://www.channelnewsasia.com/news/world/german-police-raid-berlin-homes-connected-to-market-attacker/3411592.html,3 Jan 2017
http://www.channelnewsasia.com/news/world/berlin-truck-suspect-killed-in-italy-shootout/3390096.html,23 Dec 2016
http://www.channelnewsasia.com/news/world/germany-hunts-tunisian-asylum-seeker-in-berlin-market-attack/3384624.html,21 Dec 2016
http://www.channelnewsasia.com/news/asiapacific/dutchman-charged-in-cambodian-child-torture-case/3355648.html,9 Dec 2016
http://www.channelnewsasia.com/news/asiapacific/rohingya-crisis-sparks-muslim-protests-in-asian-capitals/3317750.html,25 Nov 2016
http://www.channelnewsasia.com/news/asiapacific/critics-concerned-over-privacy-as-thailand-pushes-to-tighten/3317136.html,24 Nov 2016
http://www.channelnewsasia.com/news/singapore/botched-procedure-means-assaults-inconceivable-father-accused-of/3312312.html,23 Nov 2016
http://www.channelnewsasia.com/news/singapore/why-scams-succeed-human-behaviour-experts-explain/3252344.html,1 Nov 2016
http://www.channelnewsasia.com/news/world/russia-renews-heavy-bombing-of-syria-s-aleppo/3198678.html,11 Oct 2016
http://www.channelnewsasia.com/news/asiapacific/philippines-duterte-dares-cia-to-oust-him/3188492.html,7 Oct 2016
http://www.channelnewsasia.com/news/singapore/singaporean-wife-of-missing-laos-man-time-can-never-heal-a-wound/3129510.html,16 Sep 2016
http://www.channelnewsasia.com/news/singapore/benjamin-lim-case-coroner/3051546.html,18 Aug 2016
http://www.channelnewsasia.com/news/world/suspected-new-york-imam/3047056.html,15 Aug 2016
http://www.channelnewsasia.com/news/asiapacific/briton-formally-arrested/3040414.html,13 Aug 2016
http://www.channelnewsasia.com/news/asiapacific/cambodian-rangers-take-on/2978706.html,11 Aug 2016
http://www.channelnewsasia.com/news/singapore/22-year-old-investigated/3025356.html,8 Aug 2016
http://www.channelnewsasia.com/news/singapore/203-members-of-public/3013832.html,4 Aug 2016
http://www.channelnewsasia.com/news/asiapacific/19-killed-in-knife-attack/2986814.html,25 Jul 2016
http://www.channelnewsasia.com/news/world/munich-gunman-planned/2983310.html,24 Jul 2016
http://www.channelnewsasia.com/news/singapore/police-nab-trio-allegedly/2960662.html,15 Jul 2016
http://www.channelnewsasia.com/news/singapore/standard-chartered/2949932.html,11 Jul 2016
http://www.channelnewsasia.com/news/asiapacific/philippines-begins-to/2915398.html,30 Jun 2016
http://www.channelnewsasia.com/news/singapore/scams-exploiting-infocomm/2872234.html,14 Jun 2016
http://www.channelnewsasia.com/news/singapore/elderly-singapore-woman/2858124.html,9 Jun 2016
http://www.channelnewsasia.com/news/singapore/scammers-that-impersonate/2854734.html,7 Jun 2016
http://www.channelnewsasia.com/news/singapore/flirting-with-danger/2849260.html,6 Jun 2016
http://www.channelnewsasia.com/news/singapore/warning-about-bugged-key/2739636.html,28 Apr 2016
http://www.channelnewsasia.com/news/singapore/4-radicalised/2607486.html,16 Mar 2016
http://www.channelnewsasia.com/news/singapore/ramping-up-efforts-to/2577604.html,6 Mar 2016
http://www.channelnewsasia.com/news/singapore/job-ad-scams-involving/2541170.html,23 Feb 2016
http://www.channelnewsasia.com/news/singapore/shangri-la-shooting/2459038.html,26 Jan 2016
http://www.channelnewsasia.com/news/singapore/man-who-harvested-293/2455386.html,24 Jan 2016
http://www.channelnewsasia.com/news/asiapacific/terrorist-behind-jakarta/2440510.html,19 Jan 2016
http://www.channelnewsasia.com/news/singapore/7-years-jail-12-strokes/2425740.html,14 Jan 2016
http://www.channelnewsasia.com/news/singapore/online-scams-singaporeans/2415106.html,11 Jan 2016
http://www.channelnewsasia.com/news/singapore/yishun-cat-abuse-cases-40/2381986.html,28 Dec 2015
http://www.channelnewsasia.com/news/singapore/making-singapore-a-better/2341718.html,12 Dec 2015
http://www.channelnewsasia.com/news/singapore/2-investigated-for-filing/2292348.html,25 Nov 2015
http://www.channelnewsasia.com/news/singapore/found-guilty-man-who/2270870.html,17 Nov 2015
http://www.channelnewsasia.com/news/world/three-teams-in-paris/2262140.html,14 Nov 2015
http://www.channelnewsasia.com/news/singapore/new-entrants-turn-the/2214680.html,24 Oct 2015
http://www.channelnewsasia.com/news/asiapacific/indonesian-faces-terror/2210018.html,21 Oct 2015
http://www.channelnewsasia.com/news/asiapacific/japanese-man-shot-dead-in/2168764.html,3 Oct 2015
http://www.channelnewsasia.com/news/asiapacific/bangkok-bomb-suspect/2089660.html,31 Aug 2015
http://www.channelnewsasia.com/news/asiapacific/thai-police-seeking-woman/2088132.html,31 Aug 2015
http://www.channelnewsasia.com/news/singapore/home-team-needs-to-look/2029542.html,5 Aug 2015
http://www.channelnewsasia.com/news/singapore/internet-was-not-designed/2027808.html,4 Aug 2015
http://www.channelnewsasia.com/news/singapore/car-insurance-fraud-man/2019992.html,30 Jul 2015
http://www.channelnewsasia.com/news/singapore/two-suspects-charged-with/1947232.html,28 Jun 2015
http://www.channelnewsasia.com/news/singapore/28-year-old-arrested-for/1826322.html,4 May 2015
http://www.channelnewsasia.com/news/singapore/sex-tour-organiser-gets/1759116.html,31 Mar 2015
http://www.channelnewsasia.com/news/india-police-arrest/644796.html,19 Apr 2013
