http://www.straitstimes.com/singapore/is-something-bugging-you,The Straits Times - 17 hours ago
http://www.straitstimes.com/singapore/new-blood-thinners-slightly-safer-more-convenient,The Straits Times - 17 hours ago
http://www.straitstimes.com/asia/se-asia/abu-sayyaf-beheads-german-hostage-0,The Straits Times - 17 hours ago
http://www.straitstimes.com/singapore/hands-up-for-new-whampoa-care-centre,The Straits Times - 1 day ago
http://www.straitstimes.com/singapore/presidents-challenge-kicks-off-with-22k-raised,The Straits Times - 1 day ago
http://www.straitstimes.com/singapore/transport-firms-in-disability-sector-get-help-with-new-app,The Straits Times - 1 day ago
http://www.straitstimes.com/singapore/housing/pub-makes-a-profit-thanks-only-to-govt-grants-maliki,The Straits Times - 1 day ago
http://www.straitstimes.com/singapore/education/theatre-helps-student-cope-with-drama-in-real-life,The Straits Times - 1 day ago
http://www.straitstimes.com/singapore/teacher-25-dies-after-collapsing-at-home,The Straits Times - 2 days ago
http://www.straitstimes.com/singapore/environment/active-ageing-for-polar-bear-inuka,The Straits Times - 2 days ago
http://www.straitstimes.com/singapore/on-the-actual-impact-of-the-hike-and-telling-it-like-it-is,The Straits Times - 2 days ago
http://www.straitstimes.com/singapore/it-changed-my-life-film-maker-kirsten-tans-journey-from-quirky-distraction-to-movie-magic,The Straits Times - 2 days ago
http://www.straitstimes.com/singapore/hokkaido-dream-comes-true-for-cleaner-and-friends,The Straits Times - 2 days ago
http://www.straitstimes.com/singapore/sungei-road-hawkers-seek-alternative-site,The Straits Times - 4 days ago
http://www.straitstimes.com/singapore/two-more-dementia-friendly-towns-soon,The Straits Times - 5 days ago
http://www.straitstimes.com/singapore/bogus-grab-and-uber-promotional-deals-cheat-victims-of-at-least-7700,The Straits Times - 5 days ago
http://www.straitstimes.com/singapore/elderly-man-knocked-down-by-car-at-lorong-chuan,The Straits Times - 6 days ago
http://www.straitstimes.com/singapore/important-for-dementia-patients-to-be-in-a-familiar-home-environment-indranee-rajah,The Straits Times - 6 days ago
http://www.straitstimes.com/lifestyle/entertainment/movie-reviews-local-sexploitation-flick-siew-lup-needs-a-sense-of-humour,The Straits Times - 6 days ago
http://www.straitstimes.com/singapore/sweet-scent-of-roses-fades-most-for-older-noses,The Straits Times - 6 days ago
http://www.straitstimes.com/asia/se-asia/retired-philippine-policeman-says-duterte-ordered-death-squad-hits-as-davao-mayor,20 Feb 2017
http://www.straitstimes.com/singapore/health/physiotherapists-step-in-to-help-ae-patients,19 Feb 2017
http://www.straitstimes.com/singapore/pay-for-your-nasi-lemak-with-your-phone-mobile-payments-launched-at-hawker-centres,19 Feb 2017
http://www.straitstimes.com/singapore/housing/a-little-less-nimby,18 Feb 2017
http://www.straitstimes.com/singapore/itchangedmylife-chum-to-her-son-champ-for-the-autistic,18 Feb 2017
http://www.straitstimes.com/singapore/courts-crime/ex-tour-guide-yang-yins-pr-status-revoked-in-nov-ica,17 Feb 2017
http://www.straitstimes.com/singapore/shoppers-wait-up-to-312-hours-to-get-into-warehouse-sale,17 Feb 2017
http://www.straitstimes.com/singapore/fathers-have-crucial-role-to-play-in-maintaining-resilient-families-tan-chuan-jin,16 Feb 2017
http://www.straitstimes.com/singapore/why-do-some-people-make-fun-of-yishun,15 Feb 2017
http://www.straitstimes.com/singapore/courts-crime/indonesian-maid-charged-with-murder,15 Feb 2017
http://www.straitstimes.com/singapore/traffic-death-rate-drops-to-lowest-since-1981,15 Feb 2017
http://www.straitstimes.com/singapore/the-straits-times-news-in-a-minute-feb-15-2017,15 Feb 2017
http://www.straitstimes.com/singapore/courts-crime/maid-37-charged-with-murder-of-78-year-old-woman-in-tampines-flat,14 Feb 2017
http://www.straitstimes.com/singapore/fire-breaks-out-in-sengkang-flat-2-taken-to-hospital-for-smoke-inhalation,14 Feb 2017
http://www.straitstimes.com/singapore/courts-crime/safeguards-for-staff-access-to-destitute-residents-property,14 Feb 2017
http://www.straitstimes.com/singapore/courts-crime/maid-arrested-over-death-of-elderly-woman-in-tampines,14 Feb 2017
http://www.straitstimes.com/singapore/courts-crime/court-orders-laser-clinic-chains-founder-to-release-bank-records,14 Feb 2017
http://www.straitstimes.com/singapore/sungei-road-flea-market-to-make-way-for-future-homes,14 Feb 2017
http://www.straitstimes.com/singapore/courts-crime/indonesian-maid-37-arrested-for-murder-of-77-year-old-woman-in-tampines-flat,14 Feb 2017
http://www.straitstimes.com/singapore/decades-old-sungei-road-flea-market-to-shut-for-good-july-10-will-be-its-last-day,13 Feb 2017
http://www.straitstimes.com/singapore/courts-crime/woman-77-found-dead-in-tampines-flat,13 Feb 2017
http://www.straitstimes.com/singapore/high-living-cost-job-security-a-worry-for-singaporeans-reach,13 Feb 2017
http://www.straitstimes.com/singapore/health/ntuc-health-opens-new-elder-daycare-centre-at-hougang,13 Feb 2017
http://www.straitstimes.com/asia/east-asia/man-charged-with-arson-after-hk-train-attack,12 Feb 2017
http://www.straitstimes.com/singapore/courts-crime/lorry-driver-jailed-and-banned-for-causing-death,10 Feb 2017
http://www.straitstimes.com/singapore/courts-crime/certis-cisco-officer-dies-after-being-knocked-down-by-a-car-while-trying-to,10 Feb 2017
http://www.straitstimes.com/singapore/courts-crime/lorry-driver-jailed-and-banned-for-causing-elderly-pedestrians-death,10 Feb 2017
http://www.straitstimes.com/singapore/courts-crime/uber-driver-jailed-and-banned-for-causing-death-of-passenger-and-injuring-van,10 Feb 2017
http://www.straitstimes.com/singapore/105-year-old-woman-in-ang-mo-kio-climbed-7-floors-daily-and-loved-garlic,9 Feb 2017
http://www.straitstimes.com/singapore/students-caught-in-st-photo-of-flash-flood-were-on-their-way-to-get-meal-for-elderly-woman,9 Feb 2017
http://www.straitstimes.com/singapore/sia-signs-letter-of-intent-for-39-boeing-aircraft-in-a-deal-valued-at-us138-billion-at,9 Feb 2017
http://www.straitstimes.com/singapore/seniors-enjoy-farm-treat,8 Feb 2017
http://www.straitstimes.com/singapore/causes-briefs-free-meals-for-8888-people,8 Feb 2017
http://www.straitstimes.com/singapore/courts-crime/rise-in-online-scams-new-drug-abusers,8 Feb 2017
http://www.straitstimes.com/singapore/drawing-seniors-out-of-their-shell-with-art,8 Feb 2017
http://www.straitstimes.com/singapore/crime-in-singapore-remained-low-but-scams-still-a-significant-concern-in-2016-mha,7 Feb 2017
http://www.straitstimes.com/singapore/health/85-of-200-flexi-medisave-used-on-average,7 Feb 2017
http://www.straitstimes.com/singapore/people-with-disabilities-a-focus-for-2017-budget-indranee-rajah,6 Feb 2017
http://www.straitstimes.com/singapore/without-their-help-love-and-contributions-i-would-not-be-where-i-am-today,6 Feb 2017
http://www.straitstimes.com/singapore/health/starry-starry-nights-for-japanese-hospital-patients,6 Feb 2017
http://www.straitstimes.com/singapore/finalists-gather-at-st-singaporean-of-the-year-2016-award-ceremony,6 Feb 2017
http://www.straitstimes.com/singapore/stranger-in-the-night-who-has-become-family,5 Feb 2017
http://www.straitstimes.com/singapore/st-sporean-of-the-year-to-be-named-today-0,5 Feb 2017
http://www.straitstimes.com/singapore/man-falls-into-kallang-river-and-drowns-while-trying-to-wash-his-hands,4 Feb 2017
http://www.straitstimes.com/singapore/heroes-among-us-a-befriender-who-is-like-family-to-the-elderly,4 Feb 2017
http://www.straitstimes.com/singapore/askst-what-are-the-procedures-a-same-sex-couple-have-to-go-through-to-adopt-a-child,4 Feb 2017
http://www.straitstimes.com/singapore/charity-transforms-office-into-daytime-hang-out,4 Feb 2017
http://www.straitstimes.com/singapore/housing/no-bed-to-lay-his-head-for-17-years,4 Feb 2017
http://www.straitstimes.com/singapore/where-the-displaced-seek-refuge,4 Feb 2017
http://www.straitstimes.com/singapore/seniors-dressed-as-superheroes-jive-with-ite-college-central-students-at-zumba-session,3 Feb 2017
http://www.straitstimes.com/singapore/st-explainers-trump-at-work-dow-jones-high-cny-tips,3 Feb 2017
http://www.straitstimes.com/singapore/courts-crime/mr-right-gets-20-months-jail-for-cheating,3 Feb 2017
http://www.straitstimes.com/singapore/who-will-be-st-singaporean-of-the-year,31 Jan 2017
http://www.straitstimes.com/singapore/cabby-goes-the-extra-mile-to-return-10000,30 Jan 2017
http://www.straitstimes.com/singapore/health/flu-jab-protects-you-and-others-too,30 Jan 2017
http://www.straitstimes.com/singapore/shin-min-daily-news-to-get-new-editor-from-feb-25,29 Jan 2017
http://www.straitstimes.com/singapore/good-samaritans-aid-elderly-man-who-suffered-bad-fall-on-road-during-chinese-new-year,29 Jan 2017
http://www.straitstimes.com/singapore/changi-airport-handled-a-record-587m-passengers-last-year-59-higher-than-in-2015,29 Jan 2017
http://www.straitstimes.com/singapore/courts-crime/mum-and-daughter-found-dead-in-bedroom,29 Jan 2017
http://www.straitstimes.com/singapore/singapore-ministers-thank-those-working-during-chinese-new-year-to-keep-singapore-humming,28 Jan 2017
http://www.straitstimes.com/singapore/a-chance-to-meet-more-neighbours,27 Jan 2017
http://www.straitstimes.com/singapore/help-for-abandoned-cats-of-dakota-crescent,27 Jan 2017
http://www.straitstimes.com/singapore/experts-differ-on-how-man-died-after-row-with-son,23 Jan 2017
http://www.straitstimes.com/singapore/feeling-stiff-do-some-stretching-or-get-a-massage,23 Jan 2017
http://www.straitstimes.com/singapore/netizens-give-thumbs-up-to-kungfu-flick-that-promotes-healthy-eating-message-to,23 Jan 2017
http://www.straitstimes.com/singapore/pm-lee-pays-respects-at-wake-of-market-stallholder-who-died-before-she-could-meet-him,23 Jan 2017
http://www.straitstimes.com/singapore/motorcyclist-braves-pouring-rain-to-push-aside-barricades-and-clear-road-at-shenton-way,22 Jan 2017
http://www.straitstimes.com/singapore/hello-meet-my-boyfriend,21 Jan 2017
http://www.straitstimes.com/singapore/whatstrending-why-must-we-be-afraid-of-being-old,21 Jan 2017
http://www.straitstimes.com/singapore/companies-mop-up-demand-for-help,21 Jan 2017
http://www.straitstimes.com/singapore/early-new-year-cheer-for-needy-teck-ghee-residents,20 Jan 2017
http://www.straitstimes.com/singapore/transport/private-car-numbers-fall-to-eight-year-low,20 Jan 2017
http://www.straitstimes.com/singapore/health/lean-diabetics-more-likely-to-die-from-liver-disease,20 Jan 2017
http://www.straitstimes.com/asia/australianz/mayhem-in-central-melbourne,20 Jan 2017
http://www.straitstimes.com/singapore/health/study-finds-lean-diabetics-more-at-risk-of-dying-from-fatty-liver-disease,19 Jan 2017
http://www.straitstimes.com/singapore/education/growing-real-solutions-to-real-world-problems,19 Jan 2017
http://www.straitstimes.com/singapore/bridgets-adventures-flying-high-skydiving-indoors-at-ifly,19 Jan 2017
http://www.straitstimes.com/singapore/kind-hawkers-help-elderly-man-on-stalled-motorised-wheelchair-in-bukit-merah,19 Jan 2017
http://www.straitstimes.com/singapore/flexible-work-gender-equality-key-to-boosting-birth-rates-says-harvard-sociologist,19 Jan 2017
http://www.straitstimes.com/singapore/helping-hands-to-ensure-gujarati-fly-as-high-as-a-kite,18 Jan 2017
http://www.straitstimes.com/opinion/nation-building-reboot-needed,17 Jan 2017
http://www.straitstimes.com/singapore/aware-calls-for-more-help-for-seniors-caregivers,17 Jan 2017
http://www.straitstimes.com/singapore/v-k-rajah-the-reluctant-a-g-and-his-ethos-of-fairness,17 Jan 2017
http://www.straitstimes.com/singapore/indiana-jones-set-no-this-ruined-fort-is-on-sentosa,17 Jan 2017
http://www.straitstimes.com/singapore/study-finds-elderly-with-diabetes-at-higher-risk-of-falling-but-diet-may-help,17 Jan 2017
http://www.straitstimes.com/singapore/vwo-aware-join-hands-to-train-needy-in-eldercare,16 Jan 2017
http://www.straitstimes.com/singapore/hoping-to-land-a-job-and-clear-familys-debts,16 Jan 2017
http://www.straitstimes.com/singapore/health/consider-cochlear-implants-for-severe-hearing-loss,16 Jan 2017
http://www.straitstimes.com/singapore/at-least-100-bodies-go-unclaimed-each-year,15 Jan 2017
http://www.straitstimes.com/asia/se-asia/philippines-pledges-to-uphold-aseans-values-as-new-chair,15 Jan 2017
http://www.straitstimes.com/singapore/housing/2400-marine-parade-households-receive-food-donations-as-50-rental-flats-get,15 Jan 2017
http://www.straitstimes.com/singapore/2400-marine-parade-households-received-food-donations,14 Jan 2017
http://www.straitstimes.com/asia/east-asia/no-country-for-old-men-japans-elderly-inmates-prefer-jail,14 Jan 2017
http://www.straitstimes.com/singapore/transport/full-impact-of-car-lite-drive-in-10-to-15-years,14 Jan 2017
http://www.straitstimes.com/singapore/discover-punggol-at-new-visitor-centre,13 Jan 2017
http://www.straitstimes.com/singapore/early-visit-from-the-god-of-fortune,13 Jan 2017
http://www.straitstimes.com/singapore/mall-brings-cny-cheer-to-elderly-patients,13 Jan 2017
http://www.straitstimes.com/singapore/housing/lift-problems-plague-some-new-hdb-estates,13 Jan 2017
http://www.straitstimes.com/singapore/women-living-more-years-in-ill-health,13 Jan 2017
http://www.straitstimes.com/singapore/widow-of-singapores-first-president-puan-noor-aishah-visits-mosque-named-after-him,13 Jan 2017
http://www.straitstimes.com/singapore/courts-crime/lawyer-testifies-how-he-came-to-suspect-that-elderly-relative-had-been,12 Jan 2017
http://www.straitstimes.com/singapore/views-sought-on-bill-covering-kwong-wai-shiu-hospital,11 Jan 2017
http://www.straitstimes.com/singapore/victim-awakes-from-coma-after-two-months,11 Jan 2017
http://www.straitstimes.com/singapore/falling-concrete-pieces-in-hdb-flats-how-to-prevent-it-from-happening,11 Jan 2017
http://www.straitstimes.com/singapore/health/250-scdf-paramedics-to-hone-skills-in-hospitals,11 Jan 2017
http://www.straitstimes.com/singapore/health/caring-staff-the-heart-of-nursing-homes,11 Jan 2017
http://www.straitstimes.com/singapore/where-malay-royalty-once-lived-and-worshipped,11 Jan 2017
http://www.straitstimes.com/singapore/causes-briefs-sph-staff-to-give-away-goodie-bags-to-seniors,11 Jan 2017
http://www.straitstimes.com/singapore/parliament-wants-people-to-give-their-views-on-change-of-status-for-kwong-wai-shiu,11 Jan 2017
http://www.straitstimes.com/singapore/retiree-who-fell-off-escalator-at-bishan-mrt-station-wakes-up-from-coma,11 Jan 2017
http://www.straitstimes.com/singapore/courts-crime/technician-gets-three-weeks-and-ban-for-causing-cyclists-death-by-negligence,11 Jan 2017
http://www.straitstimes.com/singapore/rolling-out-free-tcm-healthcare-to-elderly-and-needy,10 Jan 2017
http://www.straitstimes.com/singapore/campaign-to-ready-public-servants-for-internet-separation,10 Jan 2017
http://www.straitstimes.com/singapore/exchange-over-a-gs-appointment-age,10 Jan 2017
http://www.straitstimes.com/singapore/regular-visits-a-key-pillar-in-prevention-of-elders-suicide,10 Jan 2017
http://www.straitstimes.com/singapore/manpower/older-workers-can-work-until-age-67-from-july,9 Jan 2017
http://www.straitstimes.com/singapore/health/10-reasons-to-cut-back-on-alcohol,9 Jan 2017
http://www.straitstimes.com/singapore/education/helping-people-hear-better,9 Jan 2017
http://www.straitstimes.com/singapore/adorable-cats-in-singapore-that-have-become-internet-sensations,9 Jan 2017
http://www.straitstimes.com/singapore/no-malfunction-in-escalator-says-smrt-after-4-commuters-fall-at-bishan-station,8 Jan 2017
http://www.straitstimes.com/singapore/farewell-uncle-bread,8 Jan 2017
http://www.straitstimes.com/singapore/concrete-slab-falls-in-yishun-flat-cuts-elderly-mans-leg,8 Jan 2017
http://www.straitstimes.com/singapore/bus-ends-up-on-pavement-after-crash-at-chua-chu-kang-drive-5-injured,8 Jan 2017
http://www.straitstimes.com/singapore/car-catches-fire-at-tampines-st-12-carpark,7 Jan 2017
http://www.straitstimes.com/asia/east-asia/japan-opens-doors-to-filipino-helpers,6 Jan 2017
http://www.straitstimes.com/singapore/prices-of-fish-prawns-go-up-by-up-to-50-ahead-of-chinese-new-year,6 Jan 2017
http://www.straitstimes.com/singapore/stomped-in-uniform-nsf-lauded-for-helping-elderly-man,6 Jan 2017
http://www.straitstimes.com/singapore/no-one-will-be-spared-nothing-will-be-swept-under-the-carpet-k-shanmugam-on-probe-of-amktc,5 Jan 2017
http://www.straitstimes.com/singapore/courts-crime/father-gets-jail-caning-for-giving-drugs-to-his-sons,5 Jan 2017
http://www.straitstimes.com/singapore/pm-lees-facebook-photo-prompts-appreciation-for-foreign-workers,4 Jan 2017
http://www.straitstimes.com/singapore/the-doctor-will-see-you-now-at-a-halfway-house,3 Jan 2017
http://www.straitstimes.com/singapore/car-crashes-into-shophouse-in-chinatown,2 Jan 2017
http://www.straitstimes.com/singapore/health/helping-hand-for-those-who-cannot-feed-themselves,2 Jan 2017
http://www.straitstimes.com/singapore/retirees-escalator-fall-family-worried-about-medical-costs,1 Jan 2017
http://www.straitstimes.com/singapore/back-in-business-at-temporary-market,1 Jan 2017
http://www.straitstimes.com/singapore/new-two-storey-complex-in-jurong-west-street-41-to-replace-burnt-market-and-coffee-shop,31 Dec 2016
http://www.straitstimes.com/singapore/more-donations-received-during-2016-festive-season,31 Dec 2016
http://www.straitstimes.com/singapore/a-broken-heart-can-indeed-stop-beating,31 Dec 2016
http://www.straitstimes.com/singapore/girl-masseuses-extras-and-therapist-who-offered-sex-for-money,31 Dec 2016
http://www.straitstimes.com/singapore/2017-in-a-word-innovation,31 Dec 2016
http://www.straitstimes.com/asia/east-asia/rise-in-old-jailbirds-turns-japan-prisons-into-retirement-villages,31 Dec 2016
http://www.straitstimes.com/singapore/health/care-system-largely-in-place-time-to-consolidate,30 Dec 2016
http://www.straitstimes.com/singapore/housing/some-havent-moved-out-of-dakota-crescent,30 Dec 2016
http://www.straitstimes.com/singapore/escalator-incidents-mostly-caused-by-users,29 Dec 2016
http://www.straitstimes.com/singapore/ntuc-fairprice-extends-pioneer-generation-discount-till-dec-31-2017-discount-will-be-valid,28 Dec 2016
http://www.straitstimes.com/singapore/driving-instructors-age-limit-to-be-raised,28 Dec 2016
http://www.straitstimes.com/singapore/m-cyclist-gets-jail-ban-for-causing-cyclists-death,28 Dec 2016
http://www.straitstimes.com/world/united-states/nonprofit-director-who-called-michelle-obama-an-ape-in-heels-has-lost-her-job,28 Dec 2016
http://www.straitstimes.com/singapore/courts-crime/motorcyclist-jailed-banned-for-causing-cyclists-death-in-zebra-crossing,28 Dec 2016
http://www.straitstimes.com/singapore/housing/showers-of-ire-as-lifts-leak-after-downpour,27 Dec 2016
http://www.straitstimes.com/singapore/business-as-usual-with-17000-new-bto-flats,27 Dec 2016
http://www.straitstimes.com/singapore/83-year-old-female-pedestrian-dies-after-accident-with-van-in-tampines,27 Dec 2016
http://www.straitstimes.com/singapore/health/thomson-medical-to-build-hospital-in-jb,26 Dec 2016
http://www.straitstimes.com/singapore/health/elderly-sick-turn-to-foreign-live-in-caregivers,26 Dec 2016
http://www.straitstimes.com/singapore/health/relaxing-activities-before-bedtime-help-you-sleep-better,26 Dec 2016
http://www.straitstimes.com/singapore/computers-track-people-for-better-crowd-control,26 Dec 2016
http://www.straitstimes.com/singapore/chef-whips-up-plan-to-help-the-needy,26 Dec 2016
http://www.straitstimes.com/world/farewell-to-the-old-world-order,26 Dec 2016
http://www.straitstimes.com/singapore/samaritans-in-singapore-she-helps-her-neighbours-out-without-expecting-reward,25 Dec 2016
http://www.straitstimes.com/singapore/samaritans-in-singapore-foreign-worker-goes-extra-mile-to-return-lost-mobile-phone,25 Dec 2016
http://www.straitstimes.com/singapore/housing/over-105000-households-go-for-elder-friendly-ease-scheme,25 Dec 2016
http://www.straitstimes.com/lifestyle/arts/fact-file-just-a-minute-lats-take-on-his-life-king-of-killer-punchlines-time-for-a,24 Dec 2016
http://www.straitstimes.com/singapore/the-year-through-the-eyes-of-st-photographers,23 Dec 2016
http://www.straitstimes.com/singapore/courts-crime/taxi-driver-jailed-3-weeks-barred-from-driving-for-5-years-for-causing,23 Dec 2016
http://www.straitstimes.com/singapore/courts-crime/truck-driver-jailed-and-banned-for-hitting-elderly-cyclist-who-had-below-knee,23 Dec 2016
http://www.straitstimes.com/singapore/courts-crime/drug-addict-who-slashed-his-girlfriends-ex-fiance-jailed-5-years-with-3,23 Dec 2016
http://www.straitstimes.com/singapore/health/woman-hospitalised-after-consuming-adulterated-health-product-touted-as-diabetes,22 Dec 2016
http://www.straitstimes.com/singapore/health/pressure-ulcers-a-pressing-concern-for-elderly-patients,21 Dec 2016
http://www.straitstimes.com/singapore/causes-and-treatment-of-the-condition,21 Dec 2016
http://www.straitstimes.com/singapore/prevalence-of-disabilities-in-different-age-groups-revealed,20 Dec 2016
http://www.straitstimes.com/singapore/panel-calls-for-national-office-for-disabled-people,20 Dec 2016
http://www.straitstimes.com/singapore/panel-seeks-more-support-to-help-caregivers-plan-for-future,20 Dec 2016
http://www.straitstimes.com/singapore/courts-crime/pimp-jailed-over-prostitution-related-charges,20 Dec 2016
http://www.straitstimes.com/asia/se-asia/singaporean-boat-captain-faces-fine-for-allegedly-entering-indonesian-waters-illegally,20 Dec 2016
http://www.straitstimes.com/singapore/courts-crime/new-zealander-fined-2500-for-grabbing-mans-neck-and-pushing-him-against-a,19 Dec 2016
http://www.straitstimes.com/singapore/pet-food-donation-drive-to-bring-relief-to-stray-feeders,19 Dec 2016
http://www.straitstimes.com/singapore/courts-crime/escort-gets-3-years-jail-for-using-credit-cards-he-stole,19 Dec 2016
http://www.straitstimes.com/singapore/courts-crime/elderly-cleaners-fatal-fall-a-misadventure,19 Dec 2016
http://www.straitstimes.com/singapore/health/dont-ignore-a-painful-shoulder,19 Dec 2016
http://www.straitstimes.com/singapore/ex-convict-cooked-for-death-row-prisoners,17 Dec 2016
http://www.straitstimes.com/opinion/boost-links-with-more-than-high-speed-rail,17 Dec 2016
http://www.straitstimes.com/singapore/manpower/askst-why-cant-rehiring-of-employees-who-turn-62-be-mandatory,16 Dec 2016
http://www.straitstimes.com/singapore/ang-mo-kio-hougang-sites-for-first-3-in-1-senior-centres,16 Dec 2016
http://www.straitstimes.com/singapore/environment/no-need-to-miss-the-boat-with-this-pa-pilot-venture,16 Dec 2016
http://www.straitstimes.com/singapore/seniors-roped-in-to-share-stories-about-whampoa,14 Dec 2016
http://www.straitstimes.com/singapore/10-more-silver-zone-sites-identified,14 Dec 2016
http://www.straitstimes.com/singapore/transport/singapore-kl-high-speed-rail-deadline-ambitious-but-achievable,14 Dec 2016
http://www.straitstimes.com/singapore/bringing-alive-whampoas-rich-heritage,14 Dec 2016
http://www.straitstimes.com/singapore/courts-crime/man-accused-of-feeding-neighbour-faeces-granted-discharge,14 Dec 2016
http://www.straitstimes.com/singapore/turning-ageing-on-its-head,14 Dec 2016
http://www.straitstimes.com/singapore/housing/17000-bto-flats-next-year-lawrence-wong,13 Dec 2016
http://www.straitstimes.com/singapore/courts-crime/taxi-driver-fined-and-banned-for-driving-without-due-care-and-attention,13 Dec 2016
http://www.straitstimes.com/singapore/transport/20-minute-train-delay-on-east-west-line-due-to-signalling-fault-at-aljunied,13 Dec 2016
http://www.straitstimes.com/singapore/maid-jailed-for-robbing-attacking-employers-mum,13 Dec 2016
http://www.straitstimes.com/singapore/courts-crime/maid-jailed-40-months-and-six-weeks-for-9k-robbery-from-employers-mum-81,12 Dec 2016
http://www.straitstimes.com/singapore/pm-lee-posts-photo-of-new-passion-card-jokes-he-is-certified-senior-citizen,12 Dec 2016
http://www.straitstimes.com/singapore/health/zooming-in-on-polypharmacy-he-takes-six-different-medicines-every-day,12 Dec 2016
http://www.straitstimes.com/singapore/guaranteed-pay-rises-will-bring-relief-say-cleaners,12 Dec 2016
http://www.straitstimes.com/singapore/an-inclusive-town-where-help-is-at-hand-for-sufferers,11 Dec 2016
http://www.straitstimes.com/singapore/innovative-aids-to-help-the-elderly-stay-safe-and-fit-at-home,11 Dec 2016
http://www.straitstimes.com/singapore/st-video-series-shines-spotlight-on-heroes-among-us,11 Dec 2016
http://www.straitstimes.com/singapore/bright-ideas-help-seniors-feel-at-home,11 Dec 2016
http://www.straitstimes.com/singapore/housing/proximity-grant-a-boon-for-over-5200-households,10 Dec 2016
http://www.straitstimes.com/singapore/housing/bogus-hdb-contractors-targeting-the-elderly,10 Dec 2016
http://www.straitstimes.com/singapore/more-retirees-seeking-financial-assistance,9 Dec 2016
http://www.straitstimes.com/singapore/comcare-aid-to-needy-hit-record-130-million-last-year,9 Dec 2016
http://www.straitstimes.com/singapore/singaporeans-lives-improved-amid-challenges-says-report,9 Dec 2016
http://www.straitstimes.com/singapore/130m-given-to-87000-beneficiaries-under-comcare,8 Dec 2016
http://www.straitstimes.com/singapore/public-sector-report-card-government-has-created-new-jobs-kept-necessities-affordable,8 Dec 2016
http://www.straitstimes.com/singapore/helping-write-a-story-for-the-ages,8 Dec 2016
http://www.straitstimes.com/singapore/courts-crime/cabby-fined-banned-over-death-of-pedestrian-82,8 Dec 2016
http://www.straitstimes.com/singapore/causes-week-2016-youth-on-a-mission-to-declutter-homes,8 Dec 2016
http://www.straitstimes.com/singapore/courts-crime/woman-jailed-for-knife-attack-on-tenant,8 Dec 2016
http://www.straitstimes.com/singapore/home-truly-is-new-theme-for-this-years-cine65-short-film-competition,8 Dec 2016
http://www.straitstimes.com/singapore/elderly-cleaner-left-in-the-lurch-after-travel-agency-closure-gets-help-to-fly-to-hokkaido,8 Dec 2016
http://www.straitstimes.com/singapore/6-instances-in-2016-when-everyday-singaporeans-did-us-proud-and-were-not-talking-about,8 Dec 2016
http://www.straitstimes.com/singapore/health/old-living-alone-and-surprisingly-healthy,7 Dec 2016
http://www.straitstimes.com/singapore/health/anti-mozzie-efforts-and-zika-scare-rein-in-dengue,7 Dec 2016
http://www.straitstimes.com/singapore/causes-week-2016-greenery-specialist-uses-gardening-to-help-dementia-patients,7 Dec 2016
http://www.straitstimes.com/singapore/health/causes-week-2016-jaga-me-helps-give-caregivers-a-break,7 Dec 2016
http://www.straitstimes.com/singapore/ex-bus-driver-jailed-and-banned-for-causing-death,7 Dec 2016
http://www.straitstimes.com/singapore/a-friend-in-need-even-in-the-afterlife,6 Dec 2016
http://www.straitstimes.com/singapore/i-did-more-than-50-years-ago-and-today-i-still-do,6 Dec 2016
http://www.straitstimes.com/singapore/health/tips-on-running-a-marathon-safely,4 Dec 2016
http://www.straitstimes.com/singapore/app-cooks-up-business-for-home-chefs,4 Dec 2016
http://www.straitstimes.com/singapore/serving-up-friendship-with-meals,4 Dec 2016
http://www.straitstimes.com/singapore/the-disruptors,4 Dec 2016
http://www.straitstimes.com/singapore/extended-course-for-maids-gives-eldercare-a-boost,4 Dec 2016
http://www.straitstimes.com/singapore/celebrating-the-spirit-of-giving,4 Dec 2016
http://www.straitstimes.com/singapore/pm-singapore-better-equipped-to-face-headwinds,4 Dec 2016
http://www.straitstimes.com/singapore/more-perks-to-help-seniors-stay-active-and-engaged,4 Dec 2016
http://www.straitstimes.com/singapore/new-passion-silver-concession-card-to-offer-seniors-concession-fares-and-discounts,4 Dec 2016
http://www.straitstimes.com/singapore/health/eldercare-gets-boost-with-specially-trained-foreign-domestic-workers,4 Dec 2016
http://www.straitstimes.com/singapore/aspiring-teacher-became-a-doc-because-of-bullies,3 Dec 2016
http://www.straitstimes.com/singapore/slow-take-up-for-lasting-power-of-attorney-scheme,3 Dec 2016
http://www.straitstimes.com/singapore/making-care-in-the-community-easier,2 Dec 2016
http://www.straitstimes.com/singapore/cant-afford-adult-diapers-tackle-it-with-confidence,2 Dec 2016
http://www.straitstimes.com/asia/east-asia/china-court-finds-man-executed-21-years-ago-innocent,1 Dec 2016
http://www.straitstimes.com/singapore/courts-crime/sheng-siong-kidnapper-jailed-after-plea-for-death-rejected,1 Dec 2016
http://www.straitstimes.com/singapore/health/tap-on-science-and-technology-to-transform-ageing-dr-amy-khor,1 Dec 2016
http://www.straitstimes.com/singapore/from-the-straits-times-archives-all-about-the-sheng-siong-kidnap-case,30 Nov 2016
http://www.straitstimes.com/singapore/courts-crime/sheng-siong-kidnapping-accused-found-guilty-of-abducting-elderly-mother-of,30 Nov 2016
http://www.straitstimes.com/singapore/moves-to-boost-regular-volunteering,30 Nov 2016
http://www.straitstimes.com/singapore/transport/tampines-to-get-new-bus-interchange,28 Nov 2016
http://www.straitstimes.com/singapore/health/community-hospital-gives-glimpse-of-future-care,28 Nov 2016
http://www.straitstimes.com/singapore/health/sensor-system-to-help-keep-seniors-safe-at-home,27 Nov 2016
http://www.straitstimes.com/singapore/car-free-sunday-event-on-a-roll-as-trishaws-make-debut,27 Nov 2016
http://www.straitstimes.com/singapore/health/roadshow-helps-educate-public-on-medishield-life,27 Nov 2016
http://www.straitstimes.com/singapore/health/launched-pilot-for-wireless-motion-sensors-that-track-elderly-residents-movement-at,27 Nov 2016
http://www.straitstimes.com/singapore/health/one-stop-centre-to-fight-diabetes-launched-in-nee-soon-south,26 Nov 2016
http://www.straitstimes.com/singapore/dialect-for-seniors-and-facebook-for-young-people,26 Nov 2016
http://www.straitstimes.com/singapore/trishaw-rides-around-the-civic-district-debut-at-car-free-sunday-sg,26 Nov 2016
http://www.straitstimes.com/singapore/boys-brigade-share-a-gift-2016-project-to-encourage-more-families-to-volunteer,25 Nov 2016
http://www.straitstimes.com/singapore/health/caring-for-sick-parents-spurs-them-to-care-for-patients,23 Nov 2016
http://www.straitstimes.com/singapore/morning-minutes-what-will-make-headlines-nov-23-2016,22 Nov 2016
http://www.straitstimes.com/singapore/housing/over-10000-new-flats-up-for-selection,22 Nov 2016
http://www.straitstimes.com/singapore/health/award-winning-nurse-inspired-by-experience-of-caring-for-her-ailing-father,22 Nov 2016
http://www.straitstimes.com/singapore/hawker-training-school-offers-culinary-training-for-the-disabled-and-disadvantaged,22 Nov 2016
http://www.straitstimes.com/singapore/courts-crime/man-on-trial-for-killing-62-year-old-godmother-in-yishun,21 Nov 2016
http://www.straitstimes.com/singapore/housing/more-than-10000-build-to-order-and-balance-flats-launched-in-november-sales,21 Nov 2016
http://www.straitstimes.com/singapore/body-of-60-year-old-woman-found-floating-in-kallang-river,20 Nov 2016
http://www.straitstimes.com/singapore/3-hdb-projects-win-greenery-certifications,20 Nov 2016
http://www.straitstimes.com/singapore/courts-crime/new-helpline-to-fight-rapidly-evolving-scams,20 Nov 2016
http://www.straitstimes.com/singapore/marsiling-residents-volunteer-to-be-communitys-eyes-and-ears,20 Nov 2016
http://www.straitstimes.com/singapore/transport/64-year-old-man-in-coma-after-falling-down-mrt-escalator-now-off-ventilator,20 Nov 2016
http://www.straitstimes.com/singapore/housing/three-hdb-projects-in-dawson-and-punggol-win-awards-for-landscaping-and-greenery,19 Nov 2016
http://www.straitstimes.com/singapore/singing-for-a-worthy-cause,19 Nov 2016
http://www.straitstimes.com/singapore/reviving-dreams-of-nantah-in-bintan-wellness-village,19 Nov 2016
http://www.straitstimes.com/singapore/health/toa-payoh-residents-get-help-from-health-coaches-near-home-in-fight-against,18 Nov 2016
http://www.straitstimes.com/singapore/transport/material-defect-behind-cracked-panel-smrt,17 Nov 2016
http://www.straitstimes.com/singapore/mobility-scooters-turn-to-go-driverless,17 Nov 2016
http://www.straitstimes.com/singapore/transport/cracked-glass-panel-at-circle-lines-one-north-station-had-material-defect-smrt,17 Nov 2016
http://www.straitstimes.com/singapore/man-hurt-after-foot-was-caught-in-escalator-at-bugis-junction,17 Nov 2016
http://www.straitstimes.com/singapore/are-mrt-escalators-too-fast-for-the-elderly,16 Nov 2016
http://www.straitstimes.com/singapore/self-driving-mobility-scooters-now-a-reality-in-singapore,16 Nov 2016
http://www.straitstimes.com/singapore/kindness-on-three-wheels,16 Nov 2016
http://www.straitstimes.com/singapore/breaking-the-silence-on-family-violence,16 Nov 2016
http://www.straitstimes.com/lifestyle/entertainment/top-picks-from-singapore-international-film-festival,15 Nov 2016
http://www.straitstimes.com/singapore/64-year-old-in-coma-after-mrt-escalator-fall,15 Nov 2016
http://www.straitstimes.com/singapore/man-builds-special-wheelchair-to-take-wife-on-long-walks,14 Nov 2016
