http://www.straitstimes.com/singapore/itchangedmylife-chum-to-her-son-champ-for-the-autistic,18 Feb 2017
http://www.straitstimes.com/singapore/where-the-displaced-seek-refuge,4 Feb 2017
http://www.straitstimes.com/asia/east-asia/no-country-for-old-men-japans-elderly-inmates-prefer-jail,14 Jan 2017
http://www.straitstimes.com/asia/east-asia/japan-opens-doors-to-filipino-helpers,6 Jan 2017
http://www.straitstimes.com/singapore/computers-track-people-for-better-crowd-control,26 Dec 2016
http://www.straitstimes.com/singapore/aspiring-teacher-became-a-doc-because-of-bullies,3 Dec 2016
http://www.straitstimes.com/singapore/self-driving-mobility-scooters-now-a-reality-in-singapore,16 Nov 2016
http://www.straitstimes.com/lifestyle/entertainment/top-picks-from-singapore-international-film-festival,15 Nov 2016
http://www.straitstimes.com/singapore/track-energy-usage-and-keep-an-eye-on-junior-in-smart-home,13 Nov 2016
http://www.straitstimes.com/singapore/education/raising-a-writer,13 Nov 2016
http://www.straitstimes.com/singapore/student-helps-light-up-retirees-life,20 Oct 2016
http://www.straitstimes.com/singapore/i-told-madam-she-might-find-herself-homeless,1 Oct 2016
http://www.straitstimes.com/singapore/courts-crime/7-years-jail-for-man-who-stabbed-older-brother-to-death,18 Sep 2016
http://www.straitstimes.com/singapore/call-for-scheme-to-cover-minors-the-elderly,3 Sep 2016
http://www.straitstimes.com/singapore/courts-crime/doctor-and-ex-wife-charged-with-hacking-each-others-laptops,19 Aug 2016
http://www.straitstimes.com/singapore/courts-crime/engineer-gets-8-months-jail-for-hacking-into-police-cctv-cameras-at-sea-games,16 Aug 2016
http://www.straitstimes.com/singapore/courts-crime/staying-ahead-of-cyber-crooks,22 Jul 2016
http://www.straitstimes.com/singapore/courts-crime/more-punch-in-cybercrime-fight,20 Jul 2016
http://www.straitstimes.com/singapore/courts-crime/new-national-action-plan-to-unite-singapores-efforts-against-cybercrime,20 Jul 2016
http://www.straitstimes.com/singapore/manpower/skills-gap-between-younger-and-older-workers,28 Jun 2016
http://www.straitstimes.com/singapore/education/moe-no-penalty-for-using-singlish-appropriately,12 Jun 2016
http://www.straitstimes.com/tech/and-next-a-mobile-digital-id,10 Jun 2016
http://www.straitstimes.com/singapore/maids-essential-or-a-luxury,4 Jun 2016
http://www.straitstimes.com/singapore/education/harvard-and-mit-both-want-this-poly-graduate,19 May 2016
http://www.straitstimes.com/singapore/courts-crime/guilty-as-charged-sex-predator-yap-weng-wah-preyed-on-at-least-31-young-boys,17 May 2016
http://www.straitstimes.com/singapore/education/more-seniors-going-back-to-school,15 May 2016
http://www.straitstimes.com/singapore/manpower/7-things-about-pm-lee-hsien-loongs-may-day-rally-speech,1 May 2016
http://www.straitstimes.com/singapore/education/smu-students-showcase-apps-for-volunteer-organisations-and-hawkers,22 Apr 2016
http://www.straitstimes.com/singapore/more-govt-e-services-for-sporeans-platform-to-help-firms-share-data,11 Apr 2016
http://www.straitstimes.com/singapore/manpower/the-new-pioneer-generation-freelancers,9 Apr 2016
http://www.straitstimes.com/singapore/re-employment-age-cap-up-from-july-2017,8 Apr 2016
http://www.straitstimes.com/singapore/courts-crime/more-legal-help-to-tackle-cybercrime-as-mps-express-worry-over-the-growing,6 Apr 2016
http://www.straitstimes.com/singapore/firms-help-staff-keep-fit-with-fitness-trackers,6 Mar 2016
http://www.straitstimes.com/singapore/using-insights-to-spur-creativity,29 Feb 2016
http://www.straitstimes.com/singapore/courts-crime/sim-lim-square-salesman-jailed-6-months-for-cheating-customers-at-two-mobile,29 Feb 2016
http://www.straitstimes.com/singapore/teen-hopes-to-break-long-cycle-of-struggle,27 Feb 2016
http://www.straitstimes.com/singapore/health/hearing-test-for-older-residents-at-mobile-clinics,27 Feb 2016
http://www.straitstimes.com/singapore/family-of-7-live-on-1300-a-month,27 Feb 2016
http://www.straitstimes.com/singapore/78-and-nearly-blind-but-very-resilient,27 Feb 2016
http://www.straitstimes.com/singapore/kuisine-catering-suspended-after-33-party-guests-fall-sick,18 Feb 2016
http://www.straitstimes.com/singapore/courts-crime/overall-crime-in-singapore-up-by-4-in-2015-mainly-due-to-online-commercial,11 Feb 2016
http://www.straitstimes.com/singapore/use-skillsfuture-credit-for-classes-seniors-urged,30 Jan 2016
http://www.straitstimes.com/singapore/seniors-learn-to-tap-mouse-power,23 Jan 2016
http://www.straitstimes.com/singapore/health/games-for-seniors-are-not-just-for-fun,14 Jan 2016
http://www.straitstimes.com/singapore/talking-atm-to-help-those-with-visual-disabilities,13 Jan 2016
http://www.straitstimes.com/singapore/banking-on-talking-atms-to-assist-the-blind,13 Jan 2016
http://www.straitstimes.com/singapore/services-and-digital-economy,8 Jan 2016
http://www.straitstimes.com/singapore/education/spoilt-for-choice-for-lifelong-learning-10000-skillsfuture-courses-on-offer,3 Jan 2016
http://www.straitstimes.com/singapore/skillsfuture-launch-from-making-bread-to-analysing-the-universe-14-interesting-courses-to,31 Dec 2015
http://www.straitstimes.com/singapore/grit-greed-and-gratitude-10-people-who-made-the-headlines-in-singapore-in-2015,29 Dec 2015
http://www.straitstimes.com/singapore/education/she-has-character-and-quite-a-temper-meet-nadine-ntus-latest-robot,28 Dec 2015
http://www.straitstimes.com/singapore/housing/many-are-happy-to-home-in-on-hdbs-sers-now,26 Dec 2015
http://www.straitstimes.com/world/united-states/baby-toys-a-quran-california-shooters-home-thrown-open-to-media,4 Dec 2015
http://www.straitstimes.com/singapore/avid-volunteer-despite-losing-her-sight,11 Nov 2015
http://www.straitstimes.com/singapore/environment/haze-brings-out-kindness-and-coders,8 Oct 2015
http://www.straitstimes.com/singapore/ageing-well-with-help-from-the-young,28 Sep 2015
http://www.straitstimes.com/singapore/health/keep-well-with-a-positive-attitude-towards-ageing,28 Sep 2015
http://www.straitstimes.com/singapore/5-win-microsoft-scholarship-for-disabled,18 Sep 2015
http://www.straitstimes.com/singapore/health/smart-solutions-for-better-patient-care,7 Sep 2015
http://www.straitstimes.com/singapore/legwork-crucial-for-active-ageing-scheme-to-succeed,28 Aug 2015
http://www.straitstimes.com/singapore/shutters-soon-at-shashlik,26 Aug 2015
http://www.straitstimes.com/singapore/education/minds-students-do-their-bit-for-society,23 Aug 2015
http://www.straitstimes.com/singapore/an-experiment-to-learn-what-big-data-can-do-for-us,20 Aug 2015
http://www.straitstimes.com/singapore/courts-crime/dbs-executive-who-spent-82k-on-customers-credit-cards-is-jailed-more-than-3,14 Aug 2015
http://www.straitstimes.com/singapore/health/diaper-sensor-can-alert-caregivers,11 Aug 2015
http://www.straitstimes.com/singapore/sensors-help-keep-elderly-safe-without-intruding-on-privacy,6 Aug 2015
http://www.straitstimes.com/singapore/health/seven-out-of-10-people-who-committed-suicide-last-year-were-men-samaritans-of,27 Jul 2015
http://www.straitstimes.com/singapore/health/embracing-tech-in-healthcare,26 Jul 2015
http://www.straitstimes.com/singapore/health/hospitals-turn-to-cutting-edge-robots-and-technology-for-healthcare-assistance,23 Jul 2015
http://www.straitstimes.com/singapore/call-for-national-senior-volunteer-month-participants,21 Jul 2015
http://www.straitstimes.com/singapore/highly-trained-middle-aged-and-out-of-work,19 Jul 2015
http://www.straitstimes.com/singapore/health/smart-glasses-for-seniors-with-dementia,9 Jul 2015
http://www.straitstimes.com/singapore/education/2000-free-courses-from-cooking-to-dog-grooming-on-offer-till-september,3 Jul 2015
http://www.straitstimes.com/singapore/education/400-free-courses-from-literature-to-dance-this-year-for-those-aged-50-and-above,15 May 2015
http://www.straitstimes.com/singapore/indian-community-discuss-active-ageing-and-urge-life-long-learning-for-seniors,2 May 2015
http://www.straitstimes.com/singapore/remembering-lee-kuan-yew-daughter-lee-wei-ling-on-mr-lee-as-a-father,23 Mar 2015
http://www.straitstimes.com/singapore/netizens-come-to-aid-of-mocked-dancing-man-5-other-times-the-internet-beat-the-bullies,8 Mar 2015
http://www.straitstimes.com/singapore/education/skillsfuture-mid-career-workers-to-pay-only-10-or-less-for-courses,25 Feb 2015
http://www.straitstimes.com/singapore/government-to-get-own-telecoms-network-in-smart-nation-push,1 Feb 2015
http://www.straitstimes.com/singapore/ngee-ann-students-tackle-old-folk-monitoring-to-energy-saving-with-tech-based-solutions,7 Jan 2015
http://www.straitstimes.com/singapore/smart-solutions-from-ngee-ann-polytechnic-students,6 Jan 2015
http://www.straitstimes.com/singapore/transport/new-marina-south-pier-station-on-north-south-line-opens-on-sunday,17 Nov 2014
http://www.straitstimes.com/singapore/health/doctor-fined-and-censured-for-damaging-patients-hand-during-liposuction-treatment,20 Oct 2014
http://www.straitstimes.com/singapore/health/pioneer-generation-seniors-flock-to-clinics-as-pioneer-subsidies-kick-in,1 Sep 2014
http://www.straitstimes.com/singapore/shoot-em-up-seniors-find-amusement-at-arcades,13 Apr 2014
http://www.straitstimes.com/singapore/singapore-made-driverless-car-to-ply-nus-roads,28 Jan 2014
http://www.straitstimes.com/singapore/singapores-new-law-school-may-also-offer-full-time-course,1 Dec 2013
http://www.straitstimes.com/singapore/volunteers-from-standard-chartered-bank-organise-carnival-for-needy-elderly,26 Oct 2013
http://www.straitstimes.com/singapore/plastic-decoy-swan-is-no-bird-brain,26 Oct 2013
http://www.straitstimes.com/singapore/computer-whizz-from-temasek-poly-among-80-who-receive-mci-scholarships,16 Aug 2013
http://www.straitstimes.com/singapore/schools-moving-into-high-tech-gear,4 Aug 2013
