http://www.straitstimes.com/singapore/courts-crime/man-guilty-of-sexually-abusing-daughter,15 Feb 2017
http://www.straitstimes.com/singapore/courts-crime/singapore-pr-charged-over-info-for-sex-tour,15 Feb 2017
http://www.straitstimes.com/singapore/courts-crime/man-convicted-of-sexually-abusing-daughter-at-home,14 Feb 2017
http://www.straitstimes.com/singapore/courts-crime/plastic-surgeon-fined-13000-for-computer-misuse,14 Feb 2017
http://www.straitstimes.com/asia/east-asia/kim-jong-nam-the-little-general-who-fell-from-grace-0,14 Feb 2017
http://www.straitstimes.com/world/europe/russians-among-hundreds-trying-to-hack-dutch-govt-report,4 Feb 2017
http://www.straitstimes.com/singapore/courts-crime/19-year-old-nabbed-for-selling-stolen-cigarettes-online,15 Jan 2017
http://www.straitstimes.com/singapore/education/he-watches-motivational-videos-and-makes-a-u-turn,15 Jan 2017
http://www.straitstimes.com/asia/east-asia/no-country-for-old-men-japans-elderly-inmates-prefer-jail,14 Jan 2017
http://www.straitstimes.com/singapore/education/gearing-up-for-the-new-digital-wave,9 Jan 2017
http://www.straitstimes.com/singapore/from-rugs-to-riches,7 Jan 2017
http://www.straitstimes.com/singapore/courts-crime/man-jailed-five-months-for-stealing-almost-22k-from-mum,29 Dec 2016
http://www.straitstimes.com/asia/asia-briefs-unruly-passenger-on-korean-air-a-tycoons-son,23 Dec 2016
http://www.straitstimes.com/singapore/courts-crime/social-service-worker-lived-high-life-with-funds-meant-for-the-needy,22 Dec 2016
http://www.straitstimes.com/world/future-shock-is-here-now,18 Dec 2016
http://www.straitstimes.com/world/united-states/jp-morgan-hack-suspect-arrested-at-jfk-airport-after-19-months-in-russia,14 Dec 2016
http://www.straitstimes.com/singapore/courts-crime/he-used-money-for-poor-to-buy-luxury-goods,9 Dec 2016
http://www.straitstimes.com/singapore/courts-crime/social-service-worker-convicted-of-filching-343000-meant-for-comcare,8 Dec 2016
http://www.straitstimes.com/singapore/health/man-68-undergoes-7-operations-after-getting-flesh-eating-disease-following-taiwan,6 Dec 2016
http://www.straitstimes.com/singapore/aspiring-teacher-became-a-doc-because-of-bullies,3 Dec 2016
http://www.straitstimes.com/singapore/courts-crime/two-men-arrested-for-circulating-obscene-photos-and-videos-of-unsuspecting,30 Nov 2016
http://www.straitstimes.com/singapore/the-psle-post-that-scored-with-netizens,26 Nov 2016
http://www.straitstimes.com/singapore/philip-yeo-story-part-of-singapore-success-story,19 Nov 2016
http://www.straitstimes.com/singapore/courts-crime/mum-defends-daughter-over-lying-claims-in-sex-abuse-case,16 Nov 2016
http://www.straitstimes.com/lifestyle/entertainment/top-picks-from-singapore-international-film-festival,15 Nov 2016
http://www.straitstimes.com/singapore/courts-crime/woman-jailed-for-stealing-colleagues-credit-cards-and-cheating,14 Nov 2016
http://www.straitstimes.com/singapore/courts-crime/former-warehouse-manager-jailed-for-embezzling-more-than-90000,13 Nov 2016
http://www.straitstimes.com/singapore/courts-crime/taxi-driver-identified-as-robber-7-years-after-his-crime-based-on-his-dna,11 Nov 2016
http://www.straitstimes.com/singapore/courts-crime/man-jailed-for-insulting-modesty-of-woman-criminal-intimidation-and-computer,11 Nov 2016
http://www.straitstimes.com/singapore/courts-crime/man-jailed-12-months-for-striking-another-on-head-with-rock,11 Nov 2016
http://www.straitstimes.com/singapore/courts-crime/two-romanians-jailed-for-stealing-75000-from-uob-atms,10 Nov 2016
http://www.straitstimes.com/singapore/lamborghini-owner-forgives-teen-who-rode-bike-onto-his-car,17 Oct 2016
http://www.straitstimes.com/singapore/courts-crime/man-gets-12-months-jail-for-sexually-abusing-girl-15,17 Oct 2016
http://www.straitstimes.com/lifestyle/entertainment/dad-the-natural-star,13 Oct 2016
http://www.straitstimes.com/singapore/courts-crime/technical-assistant-jailed-for-pawning-off-37-ipads-from-maris-stella-high,12 Oct 2016
http://www.straitstimes.com/singapore/courts-crime/bank-officer-who-unlawfully-increased-his-credit-card-limit-to-feed-his,12 Oct 2016
http://www.straitstimes.com/singapore/courts-crime/sharp-rise-in-people-arrested-for-trying-to-order-drugs-online,9 Oct 2016
http://www.straitstimes.com/singapore/aspiring-professional-footballer-thinks-quickly-on-his-feet,8 Oct 2016
http://www.straitstimes.com/lifestyle/fashion/lagerfeld-blasts-kardashian-for-flaunting-wealth,5 Oct 2016
http://www.straitstimes.com/asia/se-asia/indonesian-faces-six-years-in-jail-over-porn-billboard,4 Oct 2016
http://www.straitstimes.com/singapore/courts-crime/man-who-took-upskirt-videos-of-33-women-and-catalogued-them-by-beauty-jailed,4 Oct 2016
http://www.straitstimes.com/singapore/courts-crime/man-threatened-to-upload-girls-upskirt-video-if-she-did-not-send-him-a-nude,30 Sep 2016
http://www.straitstimes.com/singapore/courts-crime/nabbed-for-entry-to-transit-area-just-to-buy-iphone-7,22 Sep 2016
http://www.straitstimes.com/singapore/courts-crime/woman-loses-80000-in-scam-involving-fake-police-website,21 Sep 2016
http://www.straitstimes.com/singapore/courts-crime/man-jailed-7-years-for-killing-brother,19 Sep 2016
http://www.straitstimes.com/singapore/courts-crime/7-years-jail-for-man-who-stabbed-older-brother-to-death,18 Sep 2016
http://www.straitstimes.com/world/europe/pokemon-go-player-in-austria-sniffs-out-illegal-cannabis-garden,15 Sep 2016
http://www.straitstimes.com/singapore/courts-crime/clinic-manager-jailed-21-months-for-stealing-more-than-120000-from-employer,13 Sep 2016
http://www.straitstimes.com/asia/east-asia/loyal-to-a-fault-lotte-probe-apparent-suicide-of-vice-chairman-exposes-flaws-of-south,29 Aug 2016
http://www.straitstimes.com/singapore/people-turn-up-early-to-pay-respects-to-former-president-s-r-nathan,22 Aug 2016
http://www.straitstimes.com/singapore/courts-crime/doctor-and-ex-wife-charged-with-hacking-each-others-laptops,19 Aug 2016
http://www.straitstimes.com/singapore/courts-crime/hacker-used-stolen-names-passwords-to-buy-things-online,17 Aug 2016
http://www.straitstimes.com/singapore/vending-machine-cafe-opens-in-heartland,7 Aug 2016
http://www.straitstimes.com/world/europe/after-mass-shooting-german-police-focus-on-dark-net-crime,27 Jul 2016
http://www.straitstimes.com/singapore/courts-crime/man-jailed-four-years-for-illegally-selling-sim-cards,21 Jul 2016
http://www.straitstimes.com/singapore/spore-group-recounts-horror-sutd-student-doing-well,16 Jul 2016
http://www.straitstimes.com/singapore/courts-crime/3-month-old-baby-died-while-being-fed-by-father-who-was-playing-with-his,12 Jul 2016
http://www.straitstimes.com/world/united-states/facebook-live-videos-turn-serious-during-police-shootings,8 Jul 2016
http://www.straitstimes.com/singapore/hiv-made-me-appreciate-my-life-and-family-a-lot-more,2 Jul 2016
http://www.straitstimes.com/singapore/courts-crime/man-charged-over-open-fire-comment-online,30 Jun 2016
http://www.straitstimes.com/singapore/nine-in-10-teen-boys-exposed-to-porn-survey,28 Jun 2016
http://www.straitstimes.com/singapore/good-to-see-more-families-organisations-celebrate-fathers-day-tan-chuan-jin,19 Jun 2016
http://www.straitstimes.com/singapore/it-changed-my-life-she-lost-everything-but-finds-new-meaning-in-helping-others,18 Jun 2016
http://www.straitstimes.com/lifestyle/entertainment/the-voice-singer-christina-grimmie-22-dies-after-being-shot-at-a-concert,11 Jun 2016
http://www.straitstimes.com/lifestyle/entertainment/alleged-killer-of-the-voice-star-christina-grimmie-had-two-guns-knife,11 Jun 2016
http://www.straitstimes.com/singapore/government-e-services-will-not-be-affected-by-internet-access-cut-for-public-servants,9 Jun 2016
http://www.straitstimes.com/singapore/moe-teachers-will-still-get-internet-on-work-computers,8 Jun 2016
http://www.straitstimes.com/singapore/courts-crime/over-4m-lost-in-phone-scams-here-since-march,8 Jun 2016
http://www.straitstimes.com/singapore/online-scammer-arrested-for-hacking-into-facebook-messenger,7 Jun 2016
http://www.straitstimes.com/singapore/health/slouching-causes-sharp-pain-in-chest,6 Jun 2016
http://www.straitstimes.com/world/europe/uk-paedophile-given-life-sentence-for-raping-children-in-malaysia,6 Jun 2016
http://www.straitstimes.com/singapore/beastly-behaviour-on-the-internet,4 Jun 2016
http://www.straitstimes.com/singapore/cant-keep-a-good-woman-down,4 Jun 2016
http://www.straitstimes.com/world/united-states/police-identify-ucla-shooter,2 Jun 2016
http://www.straitstimes.com/asia/se-asia/uk-paedophile-who-wrote-child-lover-guide-admits-to-sex-attacks-on-malaysian-children,1 Jun 2016
http://www.straitstimes.com/singapore/to-be-rich-in-life-learn-to-be-generous-at-heart,28 May 2016
http://www.straitstimes.com/lifestyle/entertainment/glee-actor-mark-salling-indicted-for-child-porn,27 May 2016
http://www.straitstimes.com/world/americas/gang-rape-internet-video-shocks-brazil,27 May 2016
http://www.straitstimes.com/singapore/courts-crime/cop-helped-friend-check-ex-beaus-envoy-claim,19 May 2016
http://www.straitstimes.com/singapore/courts-crime/ex-aia-agent-jailed-8-years-for-cheating-businessman,19 May 2016
http://www.straitstimes.com/singapore/courts-crime/guilty-as-charged-sex-predator-yap-weng-wah-preyed-on-at-least-31-young-boys,17 May 2016
http://www.straitstimes.com/singapore/education/bilingual-babies-more-aware-of-tone-changes-in-languages-nus-study,15 May 2016
http://www.straitstimes.com/singapore/courts-crime/guilty-as-charged-anthony-ler-lured-teen-into-killing-his-wife,15 May 2016
http://www.straitstimes.com/asia/se-asia/philippine-president-elect-duterte-set-to-impose-late-night-liquor-ban-child-curfew,11 May 2016
http://www.straitstimes.com/world/while-you-were-sleeping-5-stories-you-might-have-missed-may-2-edition,1 May 2016
http://www.straitstimes.com/singapore/blind-and-deaf-72-year-old-woman-who-inspired-eric-khoos-be-with-me-movie-fighting-cancer,23 Apr 2016
http://www.straitstimes.com/singapore/greenpeace-warrior-poorer-but-happier,23 Apr 2016
http://www.straitstimes.com/singapore/courts-crime/man-caught-smuggling-10000-cartons-of-contraband-cigarettes-through-tuas,12 Apr 2016
http://www.straitstimes.com/singapore/courts-crime/engineering-director-charged-with-hacking-into-computer-system-during-sea,11 Apr 2016
http://www.straitstimes.com/singapore/former-bad-hat-makes-good-after-vicious-gang-attack,9 Apr 2016
http://www.straitstimes.com/singapore/manpower/the-new-pioneer-generation-freelancers,9 Apr 2016
http://www.straitstimes.com/lifestyle/arts/family-caught-up-in-politics,2 Apr 2016
http://www.straitstimes.com/singapore/courts-crime/abusive-boss-gets-10-days-detention,1 Apr 2016
http://www.straitstimes.com/singapore/saf-relaxes-rules-on-mobile-devices-in-camps,26 Mar 2016
http://www.straitstimes.com/singapore/transport/police-nsf-leaked-picture-of-dead-smrt-worker,25 Mar 2016
http://www.straitstimes.com/singapore/courts-crime/former-smu-student-gets-28-weeks-jail-for-taking-upskirt-videos,23 Mar 2016
http://www.straitstimes.com/world/europe/three-brussels-attackers-identified-as-nation-mourns,23 Mar 2016
http://www.straitstimes.com/singapore/courts-crime/police-officer-slashed-in-the-arm-during-probe,11 Mar 2016
http://www.straitstimes.com/singapore/courts-crime/police-officer-slashed-by-knifeman-while-on-duty,11 Mar 2016
http://www.straitstimes.com/singapore/courts-crime/fashion-designer-jailed-for-siphoning-80k-from-his-ex-lover,11 Mar 2016
http://www.straitstimes.com/singapore/using-insights-to-spur-creativity,29 Feb 2016
http://www.straitstimes.com/singapore/courts-crime/sim-lim-square-salesman-jailed-6-months-for-cheating-customers-at-two-mobile,29 Feb 2016
http://www.straitstimes.com/singapore/family-of-7-live-on-1300-a-month,27 Feb 2016
http://www.straitstimes.com/singapore/78-and-nearly-blind-but-very-resilient,27 Feb 2016
http://www.straitstimes.com/singapore/undergrads-kit-stores-solar-power-to-charge-gadgets,25 Feb 2016
http://www.straitstimes.com/singapore/ex-adman-turns-sporting-passion-into-coaching-cycling-and-setting-up-bike-school,20 Feb 2016
http://www.straitstimes.com/singapore/smu-tightens-its-computer-security-after-hacking-case,18 Feb 2016
http://www.straitstimes.com/singapore/courts-crime/ex-telco-employee-sentenced-to-jail-caning-fine-and-penalty-for-various,17 Feb 2016
http://www.straitstimes.com/singapore/courts-crime/smu-student-accessed-accounts-to-delete-scripts,16 Feb 2016
http://www.straitstimes.com/singapore/education/nanyang-junior-college-where-one-size-doesnt-fit-all,14 Feb 2016
http://www.straitstimes.com/singapore/new-centre-to-help-spore-boost-cyber-security,3 Feb 2016
http://www.straitstimes.com/singapore/courts-crime/man-who-stole-sisters-credit-card-to-buy-game-credits-online-jailed-for-14,3 Feb 2016
http://www.straitstimes.com/singapore/missing-singaporean-woman-and-mum-in-romania-not-victims-of-any-crime-romanian-police,2 Feb 2016
http://www.straitstimes.com/singapore/singapore-mum-and-daughter-safe-says-womans-facebook-friend,2 Feb 2016
http://www.straitstimes.com/singapore/courts-crime/jail-for-man-who-posted-topless-photo-of-ex-girlfriend,2 Feb 2016
http://www.straitstimes.com/singapore/courts-crime/man-jailed-for-posting-ex-girlfriends-obscene-photo-on-model-agencys-facebook,1 Feb 2016
http://www.straitstimes.com/singapore/health/myopia-lasik-does-not-cure-condition,1 Feb 2016
http://www.straitstimes.com/singapore/man-in-row-with-bank-over-hacked-phone,26 Jan 2016
http://www.straitstimes.com/singapore/courts-crime/ex-finance-manager-jailed-46-months-for-cbt-of-470000,19 Jan 2016
http://www.straitstimes.com/singapore/courts-crime/former-detective-richard-lim-beng-gee-65-dies-5-high-profile-cases-he-helped,18 Jan 2016
http://www.straitstimes.com/asia/se-asia/cambodias-pm-hun-sen-woos-youth-vote-online-as-he-seeks-to-extend-grip-on-power,18 Jan 2016
http://www.straitstimes.com/singapore/three-top-singaporean-scientists-coming-home,7 Jan 2016
http://www.straitstimes.com/singapore/courts-crime/sim-lim-cheat-cries-and-begs-court-for-mercy-to-no-avail,5 Jan 2016
http://www.straitstimes.com/singapore/courts-crime/sim-lim-square-salesman-jailed-28-weeks-for-cheating-customers,4 Jan 2016
http://www.straitstimes.com/asia/se-asia/death-of-thai-kings-dog-follows-arrest-over-royal-insult,29 Dec 2015
http://www.straitstimes.com/singapore/grit-greed-and-gratitude-10-people-who-made-the-headlines-in-singapore-in-2015,29 Dec 2015
http://www.straitstimes.com/asia/se-asia/thai-kings-favourite-dog-dies-days-after-insult-arrest,28 Dec 2015
http://www.straitstimes.com/singapore/57-visits-in-3-years-singaporean-named-most-fervent-fan-by-taiwan-tourism-board,22 Dec 2015
http://www.straitstimes.com/singapore/courts-crime/singapore-men-target-of-latest-sex-scam,20 Dec 2015
http://www.straitstimes.com/singapore/courts-crime/defendant-in-keppel-club-lawsuit-sues-club,20 Dec 2015
http://www.straitstimes.com/lifestyle/entertainment/star-wars-a-whos-who,14 Dec 2015
http://www.straitstimes.com/asia/se-asia/thai-military-detaining-critic-of-junta-who-liked-doctored-photo-of-king-on-facebook,12 Dec 2015
http://www.straitstimes.com/singapore/courts-crime/man-gets-28-weeks-jail-for-filming-upskirt-videos,11 Dec 2015
http://www.straitstimes.com/asia/se-asia/thai-man-arrested-over-facebook-like-of-kings-doctored-photo,9 Dec 2015
http://www.straitstimes.com/singapore/sim-lim-square-still-reeling-from-jover-chew-case,5 Dec 2015
http://www.straitstimes.com/world/united-states/baby-toys-a-quran-california-shooters-home-thrown-open-to-media,4 Dec 2015
http://www.straitstimes.com/singapore/get-public-to-start-liking-science-ntu,19 Nov 2015
http://www.straitstimes.com/singapore/transport/mrt-commuter-slams-man-for-refusing-to-give-up-priority-seat-man-says-he-was,30 Oct 2015
http://www.straitstimes.com/singapore/from-street-soccer-to-grassroots-work,24 Oct 2015
http://www.straitstimes.com/lifestyle/arts/crossing-genres,24 Oct 2015
http://www.straitstimes.com/singapore/courts-crime/match-fixer-jailed-for-perverting-course-of-justice-and-refusing-to-reveal,22 Oct 2015
http://www.straitstimes.com/singapore/courts-crime/five-from-mobile-phone-shop-in-sim-lim-square-charged,21 Oct 2015
http://www.straitstimes.com/singapore/courts-crime/city-harvest-trial-saga-highlights-crucial-role-of-whistle-blower,21 Oct 2015
http://www.straitstimes.com/singapore/education/giving-children-a-smartphone-never-an-easy-decision,18 Oct 2015
http://www.straitstimes.com/singapore/over-7000-lost-in-malware-attack-at-fake-banking-portal,17 Oct 2015
http://www.straitstimes.com/asia/se-asia/kl-police-arrest-isis-linked-terrorist-hacker-wanted-by-us,16 Oct 2015
http://www.straitstimes.com/asia/se-asia/malaysia-arrests-kosovo-man-for-hacking-us-security-data-to-supply-targets-for-isis,15 Oct 2015
http://www.straitstimes.com/singapore/courts-crime/mobile-phone-shop-dealer-jailed-for-fraudulently-registering-pre-paid-sim,13 Oct 2015
http://www.straitstimes.com/singapore/courts-crime/prison-officer-fined-10000-for-unauthorised-searches-for-information-about-ex,9 Oct 2015
http://www.straitstimes.com/singapore/courts-crime/para-athlete-charged-with-getting-woman-into-prostitution,9 Oct 2015
http://www.straitstimes.com/singapore/courts-crime/two-jailed-for-abetting-to-commit-cbt-of-165000-worth-of-computer-goods,8 Oct 2015
http://www.straitstimes.com/lifestyle/entertainment/other-british-shows-to-watch,6 Oct 2015
http://www.straitstimes.com/singapore/bad-news-travels-fast-but-positive-posts-spread-wide,3 Oct 2015
http://www.straitstimes.com/singapore/courts-crime/maid-28-jailed-10-months-for-having-sex-with-employers-14-year-old-son,22 Sep 2015
http://www.straitstimes.com/singapore/artefacts-from-mr-lee-kuan-yews-oxley-road-home-now-on-show-at-new-exhibition,21 Sep 2015
http://www.straitstimes.com/singapore/5-win-microsoft-scholarship-for-disabled,18 Sep 2015
http://www.straitstimes.com/singapore/the-girl-with-something-special,18 Sep 2015
http://www.straitstimes.com/singapore/courts-crime/two-rws-casino-dealers-jailed-for-colluding-with-poker-player,16 Sep 2015
http://www.straitstimes.com/singapore/education/drones-apps-and-coding-games-show-tech-is-fun,10 Sep 2015
http://www.straitstimes.com/lifestyle/arts/david-lagercrantz-author-of-millennium-trilogy-sequel-wrote-it-in-a-state-of-constant,30 Aug 2015
http://www.straitstimes.com/singapore/courts-crime/foreigner-who-made-inflammatory-remarks-convicted,26 Aug 2015
http://www.straitstimes.com/singapore/shutters-soon-at-shashlik,26 Aug 2015
http://www.straitstimes.com/singapore/courts-crime/two-men-fined-for-e-cigarette-offences,20 Aug 2015
http://www.straitstimes.com/singapore/abusive-boss-caught-on-video-admits-to-assault,18 Aug 2015
http://www.straitstimes.com/singapore/courts-crime/dbs-executive-who-spent-82k-on-customers-credit-cards-is-jailed-more-than-3,14 Aug 2015
http://www.straitstimes.com/singapore/gone-in-10-seconds-from-jb-carpark,11 Aug 2015
http://www.straitstimes.com/singapore/health/diaper-sensor-can-alert-caregivers,11 Aug 2015
http://www.straitstimes.com/singapore/education/let-kids-be-kids-let-them-play-video-games,9 Aug 2015
http://www.straitstimes.com/lifestyle/entertainment/hey-you-look-familiar,1 Aug 2015
http://www.straitstimes.com/singapore/health/seven-out-of-10-people-who-committed-suicide-last-year-were-men-samaritans-of,27 Jul 2015
http://www.straitstimes.com/singapore/courts-crime/man-who-took-upskirt-videos-and-catalogued-them-by-underwear-colour-gets-18,26 Jul 2015
http://www.straitstimes.com/singapore/beating-the-odds-with-honours,26 Jul 2015
http://www.straitstimes.com/singapore/16-people-get-scdf-awards-for-lifting-trailer-truck-to-free-man-pinned-underneath,25 Jul 2015
http://www.straitstimes.com/singapore/highly-trained-middle-aged-and-out-of-work,19 Jul 2015
http://www.straitstimes.com/singapore/courts-crime/eight-suspects-face-charges-of-fradulent-registration-of-prepaid-sim-cards,15 Jul 2015
http://www.straitstimes.com/asia/se-asia/malaysias-low-yat-plaza-theft-suspect-claims-trial,13 Jul 2015
http://www.straitstimes.com/singapore/manpower/firms-face-tougher-rules-when-hiring-foreign-pmes-subsidies-for-hiring-jobless,8 Jul 2015
http://www.straitstimes.com/singapore/transport/singapore-launches-first-of-eight-new-warships-that-are-designed-built-locally,2 Jul 2015
http://www.straitstimes.com/singapore/home-briefs-facebook-appeal-for-witnesses-to-hit-and-run,2 Jul 2015
http://www.straitstimes.com/singapore/new-more-secure-singpass-with-2-step-verification-system-to-roll-out-on-july-5,1 Jul 2015
http://www.straitstimes.com/singapore/courts-crime/man-put-on-probation-for-taking-upskirt-video-and-having-obscene-films,12 Jun 2015
http://www.straitstimes.com/singapore/courts-crime/football-corruption-5-notorious-match-fixers-in-singapore,1 Jun 2015
http://www.straitstimes.com/singapore/courts-crime/jover-chew-and-4-others-arrested-over-cheating-cases-at-sim-lim-square,27 May 2015
http://www.straitstimes.com/singapore/courts-crime/woman-in-alleged-ponzi-scam-has-5k-in-bank,27 May 2015
http://www.straitstimes.com/singapore/courts-crime/kallang-bahru-rape-trial-consensual-sex-claim-simply-incredible,23 May 2015
http://www.straitstimes.com/singapore/cctvs-will-be-installed-at-sim-lim-square-to-monitor-errant-retailers,21 May 2015
http://www.straitstimes.com/singapore/courts-crime/teen-who-took-bus-for-joyride-had-stolen-2-other-buses,13 May 2015
http://www.straitstimes.com/singapore/youngest-mensa-singapore-member-is-two-and-a-half-years-old-5-things-about-the-iq-club,8 May 2015
http://www.straitstimes.com/asia/australianz/nz-man-with-toothless-women-fetish-found-guilty-of-assault-for-pulling-out-womens,6 May 2015
http://www.straitstimes.com/singapore/courts-crime/accountant-jailed-four-and-a-half-years-for-forgeries-totalling-452k-and,6 May 2015
http://www.straitstimes.com/singapore/courts-crime/former-filipino-nurse-charged-with-sedition-giving-false-info-to-police,7 Apr 2015
http://www.straitstimes.com/singapore/remembering-lee-kuan-yew-i-did-my-best-0,28 Mar 2015
http://www.straitstimes.com/singapore/malaysians-yearn-for-a-malay-version-of-mr-lee-kuan-yew,28 Mar 2015
http://www.straitstimes.com/singapore/remembering-lee-kuan-yew-daughter-lee-wei-ling-on-mr-lee-as-a-father,23 Mar 2015
http://www.straitstimes.com/singapore/tributes-stream-in-as-singaporeans-mourn-death-of-mr-lee-kuan-yew,22 Mar 2015
http://www.straitstimes.com/singapore/netizens-come-to-aid-of-mocked-dancing-man-5-other-times-the-internet-beat-the-bullies,8 Mar 2015
http://www.straitstimes.com/singapore/jihadi-john-the-man-behind-the-mask,27 Feb 2015
http://www.straitstimes.com/singapore/heng-swee-keat-to-present-budget-2016-who-were-the-finance-ministers-before-him,10 Feb 2015
http://www.straitstimes.com/singapore/courts-crime/yuan-ching-road-deaths-dad-didnt-know-son-was-married,1 Feb 2015
http://www.straitstimes.com/singapore/courts-crime/hacker-who-called-himself-the-messiah-jailed-4-years-and-8-months,30 Jan 2015
http://www.straitstimes.com/singapore/courts-crime/jail-for-serial-cheat-who-scammed-blogshop-customers-and-job-seekers,16 Jan 2015
http://www.straitstimes.com/singapore/courts-crime/man-jailed-three-months-for-filming-stepdaughter-in-toilet-with-hidden-camera,6 Jan 2015
http://www.straitstimes.com/singapore/courts-crime/beware-of-con-men-abusing-pic-scheme,1 Jan 2015
http://www.straitstimes.com/singapore/courts-crime/man-gets-15-week-jail-term-for-vice-offences,29 Dec 2014
http://www.straitstimes.com/singapore/courts-crime/former-exec-assistant-jailed-for-criminal-breach-of-trust-of-246k-and,29 Dec 2014
http://www.straitstimes.com/singapore/courts-crime/man-jailed-for-cyber-attack-on-pmo-website,8 Dec 2014
http://www.straitstimes.com/singapore/courts-crime/former-mbs-casino-staff-fined-16000-for-false-rating-offences,3 Dec 2014
http://www.straitstimes.com/world/americas/honduras-buries-slain-miss-world-contestant-sister,20 Nov 2014
http://www.straitstimes.com/singapore/republic-poly-teams-app-gets-people-to-set-phones-aside,18 Nov 2014
http://www.straitstimes.com/singapore/education/singapore-students-pay-for-help-to-apply-to-top-universities,6 Nov 2014
http://www.straitstimes.com/singapore/another-sim-lim-incident-student-reduced-to-tears-after-being-charged-1000-for-warranty-0,4 Nov 2014
http://www.straitstimes.com/singapore/sim-lim-from-a-wood-business-to-an-electronics-hub-0,3 Nov 2014
http://www.straitstimes.com/singapore/5-recent-infamous-incidents-at-sim-lim-square,3 Nov 2014
http://www.straitstimes.com/singapore/courts-crime/12-years-jail-for-paedophile-who-committed-27-sexual-offences-on-five-primary,2 Nov 2014
http://www.straitstimes.com/singapore/confession-over-starbucks-seat-hogging-debate-i-was-a-seat-hogger-too,29 Oct 2014
http://www.straitstimes.com/singapore/on-a-mission-to-root-out-poverty,27 Oct 2014
http://www.straitstimes.com/lifestyle/entertainment/robert-downey-jr-keeps-it-in-the-family-by-setting-up-production-house-with,14 Oct 2014
http://www.straitstimes.com/singapore/courts-crime/maid-who-fell-to-death-while-trying-to-climb-back-into-flat-coroner-rules,9 Oct 2014
http://www.straitstimes.com/singapore/courts-crime/couple-made-1-million-in-4-years-from-9-sleazy-pubs,9 Oct 2014
http://www.straitstimes.com/singapore/courts-crime/coroner-records-accidental-death-in-ecp-fatal-accident-on-may-1,25 Aug 2014
http://www.straitstimes.com/singapore/courts-crime/man-arrested-for-suspected-loanshark-harassment-after-splashing-paint-on-cars,7 Aug 2014
http://www.straitstimes.com/singapore/singapores-naval-divers-special-through-hell-and-back-to-become-navys-masters-of-the-deep,29 Jul 2014
http://www.straitstimes.com/singapore/courts-crime/foreign-worker-jailed-for-molesting-girl-12,9 Jul 2014
http://www.straitstimes.com/singapore/poor-state-of-stateless-children,24 May 2014
http://www.straitstimes.com/singapore/digital-music-outsells-cds-for-first-time-in-singapore,15 Apr 2014
http://www.straitstimes.com/singapore/shoot-em-up-seniors-find-amusement-at-arcades,13 Apr 2014
http://www.straitstimes.com/singapore/centenarians-big-day-ive-had-a-good-life,12 Apr 2014
http://www.straitstimes.com/singapore/tax-cheats-target-government-productivity-scheme,5 Apr 2014
http://www.straitstimes.com/singapore/estate-agent-in-singapore-fined-5000-for-abetting-narcotics-officer-to-commit-computer,23 Mar 2014
http://www.straitstimes.com/singapore/couple-lost-son-in-downtown-east-gang-fight-in-2010-but-now-save-his-friends,23 Feb 2014
http://www.straitstimes.com/singapore/para-counsellor-policemen-lend-an-ear-to-other-cops,25 Jan 2014
http://www.straitstimes.com/singapore/police-investigating-iamclarena-for-making-racist-remarks-on-twitter,11 Jan 2014
http://www.straitstimes.com/singapore/man-jailed-for-underage-sex-victim-now-wife,11 Dec 2013
http://www.straitstimes.com/singapore/record-200m-raised-for-2-varsities-to-honour-lee-kuan-yew,3 Sep 2013
http://www.straitstimes.com/singapore/doctor-loses-custody-of-son-due-to-lifestyle,7 Aug 2013
http://www.straitstimes.com/singapore/more-teens-falling-prey-to-cyber-scams-0,9 Jun 2013
